timestamp,aircraft_id,lat,lon,alt_baro_ft,nic,nacp,source_type
2026-03-01T09:00:00Z,SYN-A-000,20.1,-60.1,33000,10,11,adsb_icao
2026-03-01T09:01:00Z,SYN-A-000,20.1,-60.1,33000,10,11,adsb_icao
2026-03-01T09:02:00Z,SYN-A-000,20.1,-60.1,33000,10,11,adsb_icao
2026-03-01T09:03:00Z,SYN-A-000,20.1,-60.1,33000,10,11,adsb_icao
2026-03-01T09:04:00Z,SYN-A-000,20.1,-60.1,33000,10,11,adsb_icao
2026-03-01T09:05:00Z,SYN-A-000,20.1,-60.1,33000,10,11,adsb_icao
2026-03-01T10:00:00Z,SYN-A-000,30.2,-50.3,33000,9,10,adsb_icao
2026-03-01T10:01:00Z,SYN-A-000,30.2,-50.3,33000,9,10,adsb_icao
2026-03-01T10:02:00Z,SYN-A-000,30.2,-50.3,33000,9,10,adsb_icao
2026-03-01T10:03:00Z,SYN-A-000,30.2,-50.3,33000,9,10,adsb_icao
2026-03-01T09:00:00Z,SYN-A-001,22.1,-60.1,33000,10,11,adsb_icao
2026-03-01T09:01:00Z,SYN-A-001,22.1,-60.1,33000,10,11,adsb_icao
2026-03-01T09:02:00Z,SYN-A-001,22.1,-60.1,33000,10,11,adsb_icao
2026-03-01T09:03:00Z,SYN-A-001,22.1,-60.1,33000,10,11,adsb_icao
2026-03-01T09:04:00Z,SYN-A-001,22.1,-60.1,33000,10,11,adsb_icao
2026-03-01T09:05:00Z,SYN-A-001,22.1,-60.1,33000,10,11,adsb_icao
2026-03-01T10:00:00Z,SYN-A-001,30.2,-50.3,33000,9,10,adsb_icao
2026-03-01T10:01:00Z,SYN-A-001,30.2,-50.3,33000,9,10,adsb_icao
2026-03-01T10:02:00Z,SYN-A-001,30.2,-50.3,33000,9,10,adsb_icao
2026-03-01T10:03:00Z,SYN-A-001,30.2,-50.3,33000,9,10,adsb_icao
2026-03-01T09:00:00Z,SYN-A-002,24.1,-60.1,33000,10,11,adsb_icao
2026-03-01T09:01:00Z,SYN-A-002,24.1,-60.1,33000,10,11,adsb_icao
2026-03-01T09:02:00Z,SYN-A-002,24.1,-60.1,33000,10,11,adsb_icao
2026-03-01T09:03:00Z,SYN-A-002,24.1,-60.1,33000,10,11,adsb_icao
2026-03-01T09:04:00Z,SYN-A-002,24.1,-60.1,33000,10,11,adsb_icao
2026-03-01T09:05:00Z,SYN-A-002,24.1,-60.1,33000,10,11,adsb_icao
2026-03-01T10:00:00Z,SYN-A-002,30.2,-50.3,33000,9,10,adsb_icao
2026-03-01T10:01:00Z,SYN-A-002,30.2,-50.3,33000,9,10,adsb_icao
2026-03-01T10:02:00Z,SYN-A-002,30.2,-50.3,33000,9,10,adsb_icao
2026-03-01T10:03:00Z,SYN-A-002,30.2,-50.3,33000,9,10,adsb_icao
2026-03-01T09:00:00Z,SYN-A-003,20.1,-60.1,33000,10,11,adsb_icao
2026-03-01T09:01:00Z,SYN-A-003,20.1,-60.1,33000,10,11,adsb_icao
2026-03-01T09:02:00Z,SYN-A-003,20.1,-60.1,33000,10,11,adsb_icao
2026-03-01T09:03:00Z,SYN-A-003,20.1,-60.1,33000,10,11,adsb_icao
2026-03-01T09:04:00Z,SYN-A-003,20.1,-60.1,33000,10,11,adsb_icao
2026-03-01T09:05:00Z,SYN-A-003,20.1,-60.1,33000,10,11,adsb_icao
2026-03-01T10:00:00Z,SYN-A-003,30.2,-50.3,33000,9,10,adsb_icao
2026-03-01T10:01:00Z,SYN-A-003,30.2,-50.3,33000,9,10,adsb_icao
2026-03-01T10:02:00Z,SYN-A-003,30.2,-50.3,33000,9,10,adsb_icao
2026-03-01T10:03:00Z,SYN-A-003,30.2,-50.3,33000,9,10,adsb_icao
2026-03-01T09:00:00Z,SYN-A-004,22.1,-60.1,33000,10,11,adsb_icao
2026-03-01T09:01:00Z,SYN-A-004,22.1,-60.1,33000,10,11,adsb_icao
2026-03-01T09:02:00Z,SYN-A-004,22.1,-60.1,33000,10,11,adsb_icao
2026-03-01T09:03:00Z,SYN-A-004,22.1,-60.1,33000,10,11,adsb_icao
2026-03-01T09:04:00Z,SYN-A-004,22.1,-60.1,33000,10,11,adsb_icao
2026-03-01T09:05:00Z,SYN-A-004,22.1,-60.1,33000,10,11,adsb_icao
2026-03-01T10:00:00Z,SYN-A-004,30.2,-50.3,33000,9,10,adsb_icao
2026-03-01T10:01:00Z,SYN-A-004,30.2,-50.3,33000,9,10,adsb_icao
2026-03-01T10:02:00Z,SYN-A-004,30.2,-50.3,33000,9,10,adsb_icao
2026-03-01T10:03:00Z,SYN-A-004,30.2,-50.3,33000,9,10,adsb_icao
2026-03-01T09:00:00Z,SYN-A-005,24.1,-60.1,33000,10,11,adsb_icao
2026-03-01T09:01:00Z,SYN-A-005,24.1,-60.1,33000,10,11,adsb_icao
2026-03-01T09:02:00Z,SYN-A-005,24.1,-60.1,33000,10,11,adsb_icao
2026-03-01T09:03:00Z,SYN-A-005,24.1,-60.1,33000,10,11,adsb_icao
2026-03-01T09:04:00Z,SYN-A-005,24.1,-60.1,33000,10,11,adsb_icao
2026-03-01T09:05:00Z,SYN-A-005,24.1,-60.1,33000,10,11,adsb_icao
2026-03-01T10:00:00Z,SYN-A-005,30.2,-50.3,33000,9,10,adsb_icao
2026-03-01T10:01:00Z,SYN-A-005,30.2,-50.3,33000,9,10,adsb_icao
2026-03-01T10:02:00Z,SYN-A-005,30.2,-50.3,33000,9,10,adsb_icao
2026-03-01T10:03:00Z,SYN-A-005,30.2,-50.3,33000,9,10,adsb_icao
2026-03-01T09:00:00Z,SYN-A-006,20.1,-60.1,33000,10,11,adsb_icao
2026-03-01T09:01:00Z,SYN-A-006,20.1,-60.1,33000,10,11,adsb_icao
2026-03-01T09:02:00Z,SYN-A-006,20.1,-60.1,33000,10,11,adsb_icao
2026-03-01T09:03:00Z,SYN-A-006,20.1,-60.1,33000,10,11,adsb_icao
2026-03-01T09:04:00Z,SYN-A-006,20.1,-60.1,33000,10,11,adsb_icao
2026-03-01T09:05:00Z,SYN-A-006,20.1,-60.1,33000,10,11,adsb_icao
2026-03-01T10:00:00Z,SYN-A-006,30.2,-50.3,33000,9,10,adsb_icao
2026-03-01T10:01:00Z,SYN-A-006,30.2,-50.3,33000,9,10,adsb_icao
2026-03-01T10:02:00Z,SYN-A-006,30.2,-50.3,33000,9,10,adsb_icao
2026-03-01T10:03:00Z,SYN-A-006,30.2,-50.3,33000,9,10,adsb_icao
2026-03-01T09:00:00Z,SYN-A-007,22.1,-60.1,33000,10,11,adsb_icao
2026-03-01T09:01:00Z,SYN-A-007,22.1,-60.1,33000,10,11,adsb_icao
2026-03-01T09:02:00Z,SYN-A-007,22.1,-60.1,33000,10,11,adsb_icao
2026-03-01T09:03:00Z,SYN-A-007,22.1,-60.1,33000,10,11,adsb_icao
2026-03-01T09:04:00Z,SYN-A-007,22.1,-60.1,33000,10,11,adsb_icao
2026-03-01T09:05:00Z,SYN-A-007,22.1,-60.1,33000,10,11,adsb_icao
2026-03-01T10:00:00Z,SYN-A-007,30.2,-50.3,33000,9,10,adsb_icao
2026-03-01T10:01:00Z,SYN-A-007,30.2,-50.3,33000,9,10,adsb_icao
2026-03-01T10:02:00Z,SYN-A-007,30.2,-50.3,33000,9,10,adsb_icao
2026-03-01T10:03:00Z,SYN-A-007,30.2,-50.3,33000,9,10,adsb_icao
2026-03-01T09:00:00Z,SYN-A-008,24.1,-60.1,33000,10,11,adsb_icao
2026-03-01T09:01:00Z,SYN-A-008,24.1,-60.1,33000,10,11,adsb_icao
2026-03-01T09:02:00Z,SYN-A-008,24.1,-60.1,33000,10,11,adsb_icao
2026-03-01T09:03:00Z,SYN-A-008,24.1,-60.1,33000,10,11,adsb_icao
2026-03-01T09:04:00Z,SYN-A-008,24.1,-60.1,33000,10,11,adsb_icao
2026-03-01T09:05:00Z,SYN-A-008,24.1,-60.1,33000,10,11,adsb_icao
2026-03-01T10:00:00Z,SYN-A-008,30.2,-50.3,33000,9,10,adsb_icao
2026-03-01T10:01:00Z,SYN-A-008,30.2,-50.3,33000,9,10,adsb_icao
2026-03-01T10:02:00Z,SYN-A-008,30.2,-50.3,33000,9,10,adsb_icao
2026-03-01T10:03:00Z,SYN-A-008,30.2,-50.3,33000,9,10,adsb_icao
2026-03-01T09:00:00Z,SYN-A-009,20.1,-60.1,33000,10,11,adsb_icao
2026-03-01T09:01:00Z,SYN-A-009,20.1,-60.1,33000,10,11,adsb_icao
2026-03-01T09:02:00Z,SYN-A-009,20.1,-60.1,33000,10,11,adsb_icao
2026-03-01T09:03:00Z,SYN-A-009,20.1,-60.1,33000,10,11,adsb_icao
2026-03-01T09:04:00Z,SYN-A-009,20.1,-60.1,33000,10,11,adsb_icao
2026-03-01T09:05:00Z,SYN-A-009,20.1,-60.1,33000,10,11,adsb_icao
2026-03-01T10:00:00Z,SYN-A-009,30.2,-50.3,33000,9,10,adsb_icao
2026-03-01T10:01:00Z,SYN-A-009,30.2,-50.3,33000,9,10,adsb_icao
2026-03-01T10:02:00Z,SYN-A-009,30.2,-50.3,33000,9,10,adsb_icao
2026-03-01T10:03:00Z,SYN-A-009,30.2,-50.3,33000,9,10,adsb_icao
2026-03-01T09:00:00Z,SYN-A-010,22.1,-60.1,33000,10,11,adsb_icao
2026-03-01T09:01:00Z,SYN-A-010,22.1,-60.1,33000,10,11,adsb_icao
2026-03-01T09:02:00Z,SYN-A-010,22.1,-60.1,33000,10,11,adsb_icao
2026-03-01T09:03:00Z,SYN-A-010,22.1,-60.1,33000,10,11,adsb_icao
2026-03-01T09:04:00Z,SYN-A-010,22.1,-60.1,33000,10,11,adsb_icao
2026-03-01T09:05:00Z,SYN-A-010,22.1,-60.1,33000,10,11,adsb_icao
2026-03-01T10:00:00Z,SYN-A-010,30.2,-50.3,33000,9,10,adsb_icao
2026-03-01T10:01:00Z,SYN-A-010,30.2,-50.3,33000,9,10,adsb_icao
2026-03-01T10:02:00Z,SYN-A-010,30.2,-50.3,33000,9,10,adsb_icao
2026-03-01T10:03:00Z,SYN-A-010,30.2,-50.3,33000,9,10,adsb_icao
2026-03-01T09:00:00Z,SYN-A-011,24.1,-60.1,33000,10,11,adsb_icao
2026-03-01T09:01:00Z,SYN-A-011,24.1,-60.1,33000,10,11,adsb_icao
2026-03-01T09:02:00Z,SYN-A-011,24.1,-60.1,33000,10,11,adsb_icao
2026-03-01T09:03:00Z,SYN-A-011,24.1,-60.1,33000,10,11,adsb_icao
2026-03-01T09:04:00Z,SYN-A-011,24.1,-60.1,33000,10,11,adsb_icao
2026-03-01T09:05:00Z,SYN-A-011,24.1,-60.1,33000,10,11,adsb_icao
2026-03-01T10:00:00Z,SYN-A-011,30.2,-50.3,33000,9,10,adsb_icao
2026-03-01T10:01:00Z,SYN-A-011,30.2,-50.3,33000,9,10,adsb_icao
2026-03-01T10:02:00Z,SYN-A-011,30.2,-50.3,33000,9,10,adsb_icao
2026-03-01T10:03:00Z,SYN-A-011,30.2,-50.3,33000,9,10,adsb_icao
2026-03-01T09:00:00Z,SYN-A-100,20.1,-60.1,33000,10,11,adsb_icao
2026-03-01T09:01:00Z,SYN-A-100,20.1,-60.1,33000,10,11,adsb_icao
2026-03-01T09:02:00Z,SYN-A-100,20.1,-60.1,33000,10,11,adsb_icao
2026-03-01T09:03:00Z,SYN-A-100,20.1,-60.1,33000,10,11,adsb_icao
2026-03-01T09:04:00Z,SYN-A-100,20.1,-60.1,33000,10,11,adsb_icao
2026-03-01T09:05:00Z,SYN-A-100,20.1,-60.1,33000,10,11,adsb_icao
2026-03-01T10:00:00Z,SYN-A-100,30.2,-49.8,33000,9,10,adsb_icao
2026-03-01T10:01:00Z,SYN-A-100,30.2,-49.8,33000,9,10,adsb_icao
2026-03-01T10:02:00Z,SYN-A-100,30.2,-49.8,33000,9,10,adsb_icao
2026-03-01T10:03:00Z,SYN-A-100,30.2,-49.8,33000,9,10,adsb_icao
2026-03-01T09:00:00Z,SYN-A-101,22.1,-60.1,33000,10,11,adsb_icao
2026-03-01T09:01:00Z,SYN-A-101,22.1,-60.1,33000,10,11,adsb_icao
2026-03-01T09:02:00Z,SYN-A-101,22.1,-60.1,33000,10,11,adsb_icao
2026-03-01T09:03:00Z,SYN-A-101,22.1,-60.1,33000,10,11,adsb_icao
2026-03-01T09:04:00Z,SYN-A-101,22.1,-60.1,33000,10,11,adsb_icao
2026-03-01T09:05:00Z,SYN-A-101,22.1,-60.1,33000,10,11,adsb_icao
2026-03-01T10:00:00Z,SYN-A-101,30.2,-49.8,33000,9,10,adsb_icao
2026-03-01T10:01:00Z,SYN-A-101,30.2,-49.8,33000,9,10,adsb_icao
2026-03-01T10:02:00Z,SYN-A-101,30.2,-49.8,33000,9,10,adsb_icao
2026-03-01T10:03:00Z,SYN-A-101,30.2,-49.8,33000,9,10,adsb_icao
2026-03-01T09:00:00Z,SYN-A-102,24.1,-60.1,33000,10,11,adsb_icao
2026-03-01T09:01:00Z,SYN-A-102,24.1,-60.1,33000,10,11,adsb_icao
2026-03-01T09:02:00Z,SYN-A-102,24.1,-60.1,33000,10,11,adsb_icao
2026-03-01T09:03:00Z,SYN-A-102,24.1,-60.1,33000,10,11,adsb_icao
2026-03-01T09:04:00Z,SYN-A-102,24.1,-60.1,33000,10,11,adsb_icao
2026-03-01T09:05:00Z,SYN-A-102,24.1,-60.1,33000,10,11,adsb_icao
2026-03-01T10:00:00Z,SYN-A-102,30.2,-49.8,33000,9,10,adsb_icao
2026-03-01T10:01:00Z,SYN-A-102,30.2,-49.8,33000,9,10,adsb_icao
2026-03-01T10:02:00Z,SYN-A-102,30.2,-49.8,33000,9,10,adsb_icao
2026-03-01T10:03:00Z,SYN-A-102,30.2,-49.8,33000,9,10,adsb_icao
2026-03-01T09:00:00Z,SYN-A-103,20.1,-60.1,33000,10,11,adsb_icao
2026-03-01T09:01:00Z,SYN-A-103,20.1,-60.1,33000,10,11,adsb_icao
2026-03-01T09:02:00Z,SYN-A-103,20.1,-60.1,33000,10,11,adsb_icao
2026-03-01T09:03:00Z,SYN-A-103,20.1,-60.1,33000,10,11,adsb_icao
2026-03-01T09:04:00Z,SYN-A-103,20.1,-60.1,33000,10,11,adsb_icao
2026-03-01T09:05:00Z,SYN-A-103,20.1,-60.1,33000,10,11,adsb_icao
2026-03-01T10:00:00Z,SYN-A-103,30.2,-49.8,33000,9,10,adsb_icao
2026-03-01T10:01:00Z,SYN-A-103,30.2,-49.8,33000,9,10,adsb_icao
2026-03-01T10:02:00Z,SYN-A-103,30.2,-49.8,33000,9,10,adsb_icao
2026-03-01T10:03:00Z,SYN-A-103,30.2,-49.8,33000,9,10,adsb_icao
2026-03-01T09:00:00Z,SYN-A-104,22.1,-60.1,33000,10,11,adsb_icao
2026-03-01T09:01:00Z,SYN-A-104,22.1,-60.1,33000,10,11,adsb_icao
2026-03-01T09:02:00Z,SYN-A-104,22.1,-60.1,33000,10,11,adsb_icao
2026-03-01T09:03:00Z,SYN-A-104,22.1,-60.1,33000,10,11,adsb_icao
2026-03-01T09:04:00Z,SYN-A-104,22.1,-60.1,33000,10,11,adsb_icao
2026-03-01T09:05:00Z,SYN-A-104,22.1,-60.1,33000,10,11,adsb_icao
2026-03-01T10:00:00Z,SYN-A-104,30.2,-49.8,33000,9,10,adsb_icao
2026-03-01T10:01:00Z,SYN-A-104,30.2,-49.8,33000,9,10,adsb_icao
2026-03-01T10:02:00Z,SYN-A-104,30.2,-49.8,33000,9,10,adsb_icao
2026-03-01T10:03:00Z,SYN-A-104,30.2,-49.8,33000,9,10,adsb_icao
2026-03-01T09:00:00Z,SYN-A-105,24.1,-60.1,33000,10,11,adsb_icao
2026-03-01T09:01:00Z,SYN-A-105,24.1,-60.1,33000,10,11,adsb_icao
2026-03-01T09:02:00Z,SYN-A-105,24.1,-60.1,33000,10,11,adsb_icao
2026-03-01T09:03:00Z,SYN-A-105,24.1,-60.1,33000,10,11,adsb_icao
2026-03-01T09:04:00Z,SYN-A-105,24.1,-60.1,33000,10,11,adsb_icao
2026-03-01T09:05:00Z,SYN-A-105,24.1,-60.1,33000,10,11,adsb_icao
2026-03-01T10:00:00Z,SYN-A-105,30.2,-49.8,33000,9,10,adsb_icao
2026-03-01T10:01:00Z,SYN-A-105,30.2,-49.8,33000,9,10,adsb_icao
2026-03-01T10:02:00Z,SYN-A-105,30.2,-49.8,33000,9,10,adsb_icao
2026-03-01T10:03:00Z,SYN-A-105,30.2,-49.8,33000,9,10,adsb_icao
2026-03-01T09:00:00Z,SYN-A-106,20.1,-60.1,33000,10,11,adsb_icao
2026-03-01T09:01:00Z,SYN-A-106,20.1,-60.1,33000,10,11,adsb_icao
2026-03-01T09:02:00Z,SYN-A-106,20.1,-60.1,33000,10,11,adsb_icao
2026-03-01T09:03:00Z,SYN-A-106,20.1,-60.1,33000,10,11,adsb_icao
2026-03-01T09:04:00Z,SYN-A-106,20.1,-60.1,33000,10,11,adsb_icao
2026-03-01T09:05:00Z,SYN-A-106,20.1,-60.1,33000,10,11,adsb_icao
2026-03-01T10:00:00Z,SYN-A-106,30.2,-49.8,33000,9,10,adsb_icao
2026-03-01T10:01:00Z,SYN-A-106,30.2,-49.8,33000,9,10,adsb_icao
2026-03-01T10:02:00Z,SYN-A-106,30.2,-49.8,33000,9,10,adsb_icao
2026-03-01T10:03:00Z,SYN-A-106,30.2,-49.8,33000,9,10,adsb_icao
2026-03-01T09:00:00Z,SYN-A-107,22.1,-60.1,33000,10,11,adsb_icao
2026-03-01T09:01:00Z,SYN-A-107,22.1,-60.1,33000,10,11,adsb_icao
2026-03-01T09:02:00Z,SYN-A-107,22.1,-60.1,33000,10,11,adsb_icao
2026-03-01T09:03:00Z,SYN-A-107,22.1,-60.1,33000,10,11,adsb_icao
2026-03-01T09:04:00Z,SYN-A-107,22.1,-60.1,33000,10,11,adsb_icao
2026-03-01T09:05:00Z,SYN-A-107,22.1,-60.1,33000,10,11,adsb_icao
2026-03-01T10:00:00Z,SYN-A-107,30.2,-49.8,33000,9,10,adsb_icao
2026-03-01T10:01:00Z,SYN-A-107,30.2,-49.8,33000,9,10,adsb_icao
2026-03-01T10:02:00Z,SYN-A-107,30.2,-49.8,33000,9,10,adsb_icao
2026-03-01T10:03:00Z,SYN-A-107,30.2,-49.8,33000,9,10,adsb_icao
2026-03-01T09:00:00Z,SYN-A-108,24.1,-60.1,33000,10,11,adsb_icao
2026-03-01T09:01:00Z,SYN-A-108,24.1,-60.1,33000,10,11,adsb_icao
2026-03-01T09:02:00Z,SYN-A-108,24.1,-60.1,33000,10,11,adsb_icao
2026-03-01T09:03:00Z,SYN-A-108,24.1,-60.1,33000,10,11,adsb_icao
2026-03-01T09:04:00Z,SYN-A-108,24.1,-60.1,33000,10,11,adsb_icao
2026-03-01T09:05:00Z,SYN-A-108,24.1,-60.1,33000,10,11,adsb_icao
2026-03-01T10:00:00Z,SYN-A-108,30.2,-49.8,33000,9,10,adsb_icao
2026-03-01T10:01:00Z,SYN-A-108,30.2,-49.8,33000,9,10,adsb_icao
2026-03-01T10:02:00Z,SYN-A-108,30.2,-49.8,33000,9,10,adsb_icao
2026-03-01T10:03:00Z,SYN-A-108,30.2,-49.8,33000,9,10,adsb_icao
2026-03-01T09:00:00Z,SYN-A-109,20.1,-60.1,33000,10,11,adsb_icao
2026-03-01T09:01:00Z,SYN-A-109,20.1,-60.1,33000,10,11,adsb_icao
2026-03-01T09:02:00Z,SYN-A-109,20.1,-60.1,33000,10,11,adsb_icao
2026-03-01T09:03:00Z,SYN-A-109,20.1,-60.1,33000,10,11,adsb_icao
2026-03-01T09:04:00Z,SYN-A-109,20.1,-60.1,33000,10,11,adsb_icao
2026-03-01T09:05:00Z,SYN-A-109,20.1,-60.1,33000,10,11,adsb_icao
2026-03-01T10:00:00Z,SYN-A-109,30.2,-49.8,33000,9,10,adsb_icao
2026-03-01T10:01:00Z,SYN-A-109,30.2,-49.8,33000,9,10,adsb_icao
2026-03-01T10:02:00Z,SYN-A-109,30.2,-49.8,33000,9,10,adsb_icao
2026-03-01T10:03:00Z,SYN-A-109,30.2,-49.8,33000,9,10,adsb_icao
2026-03-01T09:00:00Z,SYN-A-110,22.1,-60.1,33000,10,11,adsb_icao
2026-03-01T09:01:00Z,SYN-A-110,22.1,-60.1,33000,10,11,adsb_icao
2026-03-01T09:02:00Z,SYN-A-110,22.1,-60.1,33000,10,11,adsb_icao
2026-03-01T09:03:00Z,SYN-A-110,22.1,-60.1,33000,10,11,adsb_icao
2026-03-01T09:04:00Z,SYN-A-110,22.1,-60.1,33000,10,11,adsb_icao
2026-03-01T09:05:00Z,SYN-A-110,22.1,-60.1,33000,10,11,adsb_icao
2026-03-01T10:00:00Z,SYN-A-110,30.2,-49.8,33000,9,10,adsb_icao
2026-03-01T10:01:00Z,SYN-A-110,30.2,-49.8,33000,9,10,adsb_icao
2026-03-01T10:02:00Z,SYN-A-110,30.2,-49.8,33000,9,10,adsb_icao
2026-03-01T10:03:00Z,SYN-A-110,30.2,-49.8,33000,9,10,adsb_icao
2026-03-01T09:00:00Z,SYN-A-111,24.1,-60.1,33000,10,11,adsb_icao
2026-03-01T09:01:00Z,SYN-A-111,24.1,-60.1,33000,10,11,adsb_icao
2026-03-01T09:02:00Z,SYN-A-111,24.1,-60.1,33000,10,11,adsb_icao
2026-03-01T09:03:00Z,SYN-A-111,24.1,-60.1,33000,10,11,adsb_icao
2026-03-01T09:04:00Z,SYN-A-111,24.1,-60.1,33000,10,11,adsb_icao
2026-03-01T09:05:00Z,SYN-A-111,24.1,-60.1,33000,10,11,adsb_icao
2026-03-01T10:00:00Z,SYN-A-111,30.2,-49.8,33000,9,10,adsb_icao
2026-03-01T10:01:00Z,SYN-A-111,30.2,-49.8,33000,9,10,adsb_icao
2026-03-01T10:02:00Z,SYN-A-111,30.2,-49.8,33000,9,10,adsb_icao
2026-03-01T10:03:00Z,SYN-A-111,30.2,-49.8,33000,9,10,adsb_icao
2026-03-01T09:00:00Z,SYN-A-200,20.1,-60.1,33000,10,11,adsb_icao
2026-03-01T09:01:00Z,SYN-A-200,20.1,-60.1,33000,10,11,adsb_icao
2026-03-01T09:02:00Z,SYN-A-200,20.1,-60.1,33000,10,11,adsb_icao
2026-03-01T09:03:00Z,SYN-A-200,20.1,-60.1,33000,10,11,adsb_icao
2026-03-01T09:04:00Z,SYN-A-200,20.1,-60.1,33000,10,11,adsb_icao
2026-03-01T09:05:00Z,SYN-A-200,20.1,-60.1,33000,10,11,adsb_icao
2026-03-01T10:00:00Z,SYN-A-200,30.2,-49.3,33000,0,0,adsb_icao
2026-03-01T10:01:00Z,SYN-A-200,30.2,-49.3,33000,0,0,adsb_icao
2026-03-01T10:02:00Z,SYN-A-200,30.2,-49.3,33000,0,0,adsb_icao
2026-03-01T10:03:00Z,SYN-A-200,30.2,-49.3,33000,0,0,adsb_icao
2026-03-01T09:00:00Z,SYN-A-201,22.1,-60.1,33000,10,11,adsb_icao
2026-03-01T09:01:00Z,SYN-A-201,22.1,-60.1,33000,10,11,adsb_icao
2026-03-01T09:02:00Z,SYN-A-201,22.1,-60.1,33000,10,11,adsb_icao
2026-03-01T09:03:00Z,SYN-A-201,22.1,-60.1,33000,10,11,adsb_icao
2026-03-01T09:04:00Z,SYN-A-201,22.1,-60.1,33000,10,11,adsb_icao
2026-03-01T09:05:00Z,SYN-A-201,22.1,-60.1,33000,10,11,adsb_icao
2026-03-01T10:00:00Z,SYN-A-201,30.2,-49.3,33000,0,0,adsb_icao
2026-03-01T10:01:00Z,SYN-A-201,30.2,-49.3,33000,0,0,adsb_icao
2026-03-01T10:02:00Z,SYN-A-201,30.2,-49.3,33000,0,0,adsb_icao
2026-03-01T10:03:00Z,SYN-A-201,30.2,-49.3,33000,0,0,adsb_icao
2026-03-01T09:00:00Z,SYN-A-202,24.1,-60.1,33000,10,11,adsb_icao
2026-03-01T09:01:00Z,SYN-A-202,24.1,-60.1,33000,10,11,adsb_icao
2026-03-01T09:02:00Z,SYN-A-202,24.1,-60.1,33000,10,11,adsb_icao
2026-03-01T09:03:00Z,SYN-A-202,24.1,-60.1,33000,10,11,adsb_icao
2026-03-01T09:04:00Z,SYN-A-202,24.1,-60.1,33000,10,11,adsb_icao
2026-03-01T09:05:00Z,SYN-A-202,24.1,-60.1,33000,10,11,adsb_icao
2026-03-01T10:00:00Z,SYN-A-202,30.2,-49.3,33000,0,0,adsb_icao
2026-03-01T10:01:00Z,SYN-A-202,30.2,-49.3,33000,0,0,adsb_icao
2026-03-01T10:02:00Z,SYN-A-202,30.2,-49.3,33000,0,0,adsb_icao
2026-03-01T10:03:00Z,SYN-A-202,30.2,-49.3,33000,0,0,adsb_icao
2026-03-01T09:00:00Z,SYN-A-203,20.1,-60.1,33000,10,11,adsb_icao
2026-03-01T09:01:00Z,SYN-A-203,20.1,-60.1,33000,10,11,adsb_icao
2026-03-01T09:02:00Z,SYN-A-203,20.1,-60.1,33000,10,11,adsb_icao
2026-03-01T09:03:00Z,SYN-A-203,20.1,-60.1,33000,10,11,adsb_icao
2026-03-01T09:04:00Z,SYN-A-203,20.1,-60.1,33000,10,11,adsb_icao
2026-03-01T09:05:00Z,SYN-A-203,20.1,-60.1,33000,10,11,adsb_icao
2026-03-01T10:00:00Z,SYN-A-203,30.2,-49.3,33000,0,0,adsb_icao
2026-03-01T10:01:00Z,SYN-A-203,30.2,-49.3,33000,0,0,adsb_icao
2026-03-01T10:02:00Z,SYN-A-203,30.2,-49.3,33000,0,0,adsb_icao
2026-03-01T10:03:00Z,SYN-A-203,30.2,-49.3,33000,0,0,adsb_icao
2026-03-01T09:00:00Z,SYN-A-204,22.1,-60.1,33000,10,11,adsb_icao
2026-03-01T09:01:00Z,SYN-A-204,22.1,-60.1,33000,10,11,adsb_icao
2026-03-01T09:02:00Z,SYN-A-204,22.1,-60.1,33000,10,11,adsb_icao
2026-03-01T09:03:00Z,SYN-A-204,22.1,-60.1,33000,10,11,adsb_icao
2026-03-01T09:04:00Z,SYN-A-204,22.1,-60.1,33000,10,11,adsb_icao
2026-03-01T09:05:00Z,SYN-A-204,22.1,-60.1,33000,10,11,adsb_icao
2026-03-01T10:00:00Z,SYN-A-204,30.2,-49.3,33000,0,0,adsb_icao
2026-03-01T10:01:00Z,SYN-A-204,30.2,-49.3,33000,0,0,adsb_icao
2026-03-01T10:02:00Z,SYN-A-204,30.2,-49.3,33000,0,0,adsb_icao
2026-03-01T10:03:00Z,SYN-A-204,30.2,-49.3,33000,0,0,adsb_icao
2026-03-01T09:00:00Z,SYN-A-205,24.1,-60.1,33000,10,11,adsb_icao
2026-03-01T09:01:00Z,SYN-A-205,24.1,-60.1,33000,10,11,adsb_icao
2026-03-01T09:02:00Z,SYN-A-205,24.1,-60.1,33000,10,11,adsb_icao
2026-03-01T09:03:00Z,SYN-A-205,24.1,-60.1,33000,10,11,adsb_icao
2026-03-01T09:04:00Z,SYN-A-205,24.1,-60.1,33000,10,11,adsb_icao
2026-03-01T09:05:00Z,SYN-A-205,24.1,-60.1,33000,10,11,adsb_icao
2026-03-01T10:00:00Z,SYN-A-205,30.2,-49.3,33000,0,0,adsb_icao
2026-03-01T10:01:00Z,SYN-A-205,30.2,-49.3,33000,0,0,adsb_icao
2026-03-01T10:02:00Z,SYN-A-205,30.2,-49.3,33000,0,0,adsb_icao
2026-03-01T10:03:00Z,SYN-A-205,30.2,-49.3,33000,0,0,adsb_icao
2026-03-01T09:00:00Z,SYN-A-206,20.1,-60.1,33000,10,11,adsb_icao
2026-03-01T09:01:00Z,SYN-A-206,20.1,-60.1,33000,10,11,adsb_icao
2026-03-01T09:02:00Z,SYN-A-206,20.1,-60.1,33000,10,11,adsb_icao
2026-03-01T09:03:00Z,SYN-A-206,20.1,-60.1,33000,10,11,adsb_icao
2026-03-01T09:04:00Z,SYN-A-206,20.1,-60.1,33000,10,11,adsb_icao
2026-03-01T09:05:00Z,SYN-A-206,20.1,-60.1,33000,10,11,adsb_icao
2026-03-01T10:00:00Z,SYN-A-206,30.2,-49.3,33000,0,0,adsb_icao
2026-03-01T10:01:00Z,SYN-A-206,30.2,-49.3,33000,0,0,adsb_icao
2026-03-01T10:02:00Z,SYN-A-206,30.2,-49.3,33000,0,0,adsb_icao
2026-03-01T10:03:00Z,SYN-A-206,30.2,-49.3,33000,0,0,adsb_icao
2026-03-01T09:00:00Z,SYN-A-207,22.1,-60.1,33000,10,11,adsb_icao
2026-03-01T09:01:00Z,SYN-A-207,22.1,-60.1,33000,10,11,adsb_icao
2026-03-01T09:02:00Z,SYN-A-207,22.1,-60.1,33000,10,11,adsb_icao
2026-03-01T09:03:00Z,SYN-A-207,22.1,-60.1,33000,10,11,adsb_icao
2026-03-01T09:04:00Z,SYN-A-207,22.1,-60.1,33000,10,11,adsb_icao
2026-03-01T09:05:00Z,SYN-A-207,22.1,-60.1,33000,10,11,adsb_icao
2026-03-01T10:00:00Z,SYN-A-207,30.2,-49.3,33000,9,10,adsb_icao
2026-03-01T10:01:00Z,SYN-A-207,30.2,-49.3,33000,9,10,adsb_icao
2026-03-01T10:02:00Z,SYN-A-207,30.2,-49.3,33000,9,10,adsb_icao
2026-03-01T10:03:00Z,SYN-A-207,30.2,-49.3,33000,9,10,adsb_icao
2026-03-01T09:00:00Z,SYN-A-208,24.1,-60.1,33000,10,11,adsb_icao
2026-03-01T09:01:00Z,SYN-A-208,24.1,-60.1,33000,10,11,adsb_icao
2026-03-01T09:02:00Z,SYN-A-208,24.1,-60.1,33000,10,11,adsb_icao
2026-03-01T09:03:00Z,SYN-A-208,24.1,-60.1,33000,10,11,adsb_icao
2026-03-01T09:04:00Z,SYN-A-208,24.1,-60.1,33000,10,11,adsb_icao
2026-03-01T09:05:00Z,SYN-A-208,24.1,-60.1,33000,10,11,adsb_icao
2026-03-01T10:00:00Z,SYN-A-208,30.2,-49.3,33000,9,10,adsb_icao
2026-03-01T10:01:00Z,SYN-A-208,30.2,-49.3,33000,9,10,adsb_icao
2026-03-01T10:02:00Z,SYN-A-208,30.2,-49.3,33000,9,10,adsb_icao
2026-03-01T10:03:00Z,SYN-A-208,30.2,-49.3,33000,9,10,adsb_icao
2026-03-01T09:00:00Z,SYN-A-209,20.1,-60.1,33000,10,11,adsb_icao
2026-03-01T09:01:00Z,SYN-A-209,20.1,-60.1,33000,10,11,adsb_icao
2026-03-01T09:02:00Z,SYN-A-209,20.1,-60.1,33000,10,11,adsb_icao
2026-03-01T09:03:00Z,SYN-A-209,20.1,-60.1,33000,10,11,adsb_icao
2026-03-01T09:04:00Z,SYN-A-209,20.1,-60.1,33000,10,11,adsb_icao
2026-03-01T09:05:00Z,SYN-A-209,20.1,-60.1,33000,10,11,adsb_icao
2026-03-01T10:00:00Z,SYN-A-209,30.2,-49.3,33000,9,10,adsb_icao
2026-03-01T10:01:00Z,SYN-A-209,30.2,-49.3,33000,9,10,adsb_icao
2026-03-01T10:02:00Z,SYN-A-209,30.2,-49.3,33000,9,10,adsb_icao
2026-03-01T10:03:00Z,SYN-A-209,30.2,-49.3,33000,9,10,adsb_icao
2026-03-01T09:00:00Z,SYN-A-210,22.1,-60.1,33000,10,11,adsb_icao
2026-03-01T09:01:00Z,SYN-A-210,22.1,-60.1,33000,10,11,adsb_icao
2026-03-01T09:02:00Z,SYN-A-210,22.1,-60.1,33000,10,11,adsb_icao
2026-03-01T09:03:00Z,SYN-A-210,22.1,-60.1,33000,10,11,adsb_icao
2026-03-01T09:04:00Z,SYN-A-210,22.1,-60.1,33000,10,11,adsb_icao
2026-03-01T09:05:00Z,SYN-A-210,22.1,-60.1,33000,10,11,adsb_icao
2026-03-01T10:00:00Z,SYN-A-210,30.2,-49.3,33000,9,10,adsb_icao
2026-03-01T10:01:00Z,SYN-A-210,30.2,-49.3,33000,9,10,adsb_icao
2026-03-01T10:02:00Z,SYN-A-210,30.2,-49.3,33000,9,10,adsb_icao
2026-03-01T10:03:00Z,SYN-A-210,30.2,-49.3,33000,9,10,adsb_icao
2026-03-01T09:00:00Z,SYN-A-211,24.1,-60.1,33000,10,11,adsb_icao
2026-03-01T09:01:00Z,SYN-A-211,24.1,-60.1,33000,10,11,adsb_icao
2026-03-01T09:02:00Z,SYN-A-211,24.1,-60.1,33000,10,11,adsb_icao
2026-03-01T09:03:00Z,SYN-A-211,24.1,-60.1,33000,10,11,adsb_icao
2026-03-01T09:04:00Z,SYN-A-211,24.1,-60.1,33000,10,11,adsb_icao
2026-03-01T09:05:00Z,SYN-A-211,24.1,-60.1,33000,10,11,adsb_icao
2026-03-01T10:00:00Z,SYN-A-211,30.2,-49.3,33000,9,10,adsb_icao
2026-03-01T10:01:00Z,SYN-A-211,30.2,-49.3,33000,9,10,adsb_icao
2026-03-01T10:02:00Z,SYN-A-211,30.2,-49.3,33000,9,10,adsb_icao
2026-03-01T10:03:00Z,SYN-A-211,30.2,-49.3,33000,9,10,adsb_icao
2026-03-01T09:00:00Z,SYN-A-300,20.1,-60.1,33000,10,11,adsb_icao
2026-03-01T09:01:00Z,SYN-A-300,20.1,-60.1,33000,10,11,adsb_icao
2026-03-01T09:02:00Z,SYN-A-300,20.1,-60.1,33000,10,11,adsb_icao
2026-03-01T09:03:00Z,SYN-A-300,20.1,-60.1,33000,10,11,adsb_icao
2026-03-01T09:04:00Z,SYN-A-300,20.1,-60.1,33000,10,11,adsb_icao
2026-03-01T09:05:00Z,SYN-A-300,20.1,-60.1,33000,10,11,adsb_icao
2026-03-01T10:00:00Z,SYN-A-300,30.2,-48.8,33000,9,10,adsb_icao
2026-03-01T10:01:00Z,SYN-A-300,30.2,-48.8,33000,9,10,adsb_icao
2026-03-01T10:02:00Z,SYN-A-300,30.2,-48.8,33000,9,10,adsb_icao
2026-03-01T10:03:00Z,SYN-A-300,30.2,-48.8,33000,9,10,adsb_icao
2026-03-01T09:00:00Z,SYN-A-301,22.1,-60.1,33000,10,11,adsb_icao
2026-03-01T09:01:00Z,SYN-A-301,22.1,-60.1,33000,10,11,adsb_icao
2026-03-01T09:02:00Z,SYN-A-301,22.1,-60.1,33000,10,11,adsb_icao
2026-03-01T09:03:00Z,SYN-A-301,22.1,-60.1,33000,10,11,adsb_icao
2026-03-01T09:04:00Z,SYN-A-301,22.1,-60.1,33000,10,11,adsb_icao
2026-03-01T09:05:00Z,SYN-A-301,22.1,-60.1,33000,10,11,adsb_icao
2026-03-01T10:00:00Z,SYN-A-301,30.2,-48.8,33000,9,10,adsb_icao
2026-03-01T10:01:00Z,SYN-A-301,30.2,-48.8,33000,9,10,adsb_icao
2026-03-01T10:02:00Z,SYN-A-301,30.2,-48.8,33000,9,10,adsb_icao
2026-03-01T10:03:00Z,SYN-A-301,30.2,-48.8,33000,9,10,adsb_icao
2026-03-01T09:00:00Z,SYN-A-302,24.1,-60.1,33000,10,11,adsb_icao
2026-03-01T09:01:00Z,SYN-A-302,24.1,-60.1,33000,10,11,adsb_icao
2026-03-01T09:02:00Z,SYN-A-302,24.1,-60.1,33000,10,11,adsb_icao
2026-03-01T09:03:00Z,SYN-A-302,24.1,-60.1,33000,10,11,adsb_icao
2026-03-01T09:04:00Z,SYN-A-302,24.1,-60.1,33000,10,11,adsb_icao
2026-03-01T09:05:00Z,SYN-A-302,24.1,-60.1,33000,10,11,adsb_icao
2026-03-01T10:00:00Z,SYN-A-302,30.2,-48.8,33000,9,10,adsb_icao
2026-03-01T10:01:00Z,SYN-A-302,30.2,-48.8,33000,9,10,adsb_icao
2026-03-01T10:02:00Z,SYN-A-302,30.2,-48.8,33000,9,10,adsb_icao
2026-03-01T10:03:00Z,SYN-A-302,30.2,-48.8,33000,9,10,adsb_icao
2026-03-01T09:00:00Z,SYN-A-303,20.1,-60.1,33000,10,11,adsb_icao
2026-03-01T09:01:00Z,SYN-A-303,20.1,-60.1,33000,10,11,adsb_icao
2026-03-01T09:02:00Z,SYN-A-303,20.1,-60.1,33000,10,11,adsb_icao
2026-03-01T09:03:00Z,SYN-A-303,20.1,-60.1,33000,10,11,adsb_icao
2026-03-01T09:04:00Z,SYN-A-303,20.1,-60.1,33000,10,11,adsb_icao
2026-03-01T09:05:00Z,SYN-A-303,20.1,-60.1,33000,10,11,adsb_icao
2026-03-01T10:00:00Z,SYN-A-303,30.2,-48.8,33000,9,10,adsb_icao
2026-03-01T10:01:00Z,SYN-A-303,30.2,-48.8,33000,9,10,adsb_icao
2026-03-01T10:02:00Z,SYN-A-303,30.2,-48.8,33000,9,10,adsb_icao
2026-03-01T10:03:00Z,SYN-A-303,30.2,-48.8,33000,9,10,adsb_icao
2026-03-01T09:00:00Z,SYN-A-304,22.1,-60.1,33000,10,11,adsb_icao
2026-03-01T09:01:00Z,SYN-A-304,22.1,-60.1,33000,10,11,adsb_icao
2026-03-01T09:02:00Z,SYN-A-304,22.1,-60.1,33000,10,11,adsb_icao
2026-03-01T09:03:00Z,SYN-A-304,22.1,-60.1,33000,10,11,adsb_icao
2026-03-01T09:04:00Z,SYN-A-304,22.1,-60.1,33000,10,11,adsb_icao
2026-03-01T09:05:00Z,SYN-A-304,22.1,-60.1,33000,10,11,adsb_icao
2026-03-01T10:00:00Z,SYN-A-304,30.2,-48.8,33000,9,10,adsb_icao
2026-03-01T10:01:00Z,SYN-A-304,30.2,-48.8,33000,9,10,adsb_icao
2026-03-01T10:02:00Z,SYN-A-304,30.2,-48.8,33000,9,10,adsb_icao
2026-03-01T10:03:00Z,SYN-A-304,30.2,-48.8,33000,9,10,adsb_icao
2026-03-01T09:00:00Z,SYN-A-305,24.1,-60.1,33000,10,11,adsb_icao
2026-03-01T09:01:00Z,SYN-A-305,24.1,-60.1,33000,10,11,adsb_icao
2026-03-01T09:02:00Z,SYN-A-305,24.1,-60.1,33000,10,11,adsb_icao
2026-03-01T09:03:00Z,SYN-A-305,24.1,-60.1,33000,10,11,adsb_icao
2026-03-01T09:04:00Z,SYN-A-305,24.1,-60.1,33000,10,11,adsb_icao
2026-03-01T09:05:00Z,SYN-A-305,24.1,-60.1,33000,10,11,adsb_icao
2026-03-01T10:00:00Z,SYN-A-305,30.2,-48.8,33000,9,10,adsb_icao
2026-03-01T10:01:00Z,SYN-A-305,30.2,-48.8,33000,9,10,adsb_icao
2026-03-01T10:02:00Z,SYN-A-305,30.2,-48.8,33000,9,10,adsb_icao
2026-03-01T10:03:00Z,SYN-A-305,30.2,-48.8,33000,9,10,adsb_icao
2026-03-01T09:00:00Z,SYN-A-306,20.1,-60.1,33000,10,11,adsb_icao
2026-03-01T09:01:00Z,SYN-A-306,20.1,-60.1,33000,10,11,adsb_icao
2026-03-01T09:02:00Z,SYN-A-306,20.1,-60.1,33000,10,11,adsb_icao
2026-03-01T09:03:00Z,SYN-A-306,20.1,-60.1,33000,10,11,adsb_icao
2026-03-01T09:04:00Z,SYN-A-306,20.1,-60.1,33000,10,11,adsb_icao
2026-03-01T09:05:00Z,SYN-A-306,20.1,-60.1,33000,10,11,adsb_icao
2026-03-01T10:00:00Z,SYN-A-306,30.2,-48.8,33000,9,10,adsb_icao
2026-03-01T10:01:00Z,SYN-A-306,30.2,-48.8,33000,9,10,adsb_icao
2026-03-01T10:02:00Z,SYN-A-306,30.2,-48.8,33000,9,10,adsb_icao
2026-03-01T10:03:00Z,SYN-A-306,30.2,-48.8,33000,9,10,adsb_icao
2026-03-01T09:00:00Z,SYN-A-307,22.1,-60.1,33000,10,11,adsb_icao
2026-03-01T09:01:00Z,SYN-A-307,22.1,-60.1,33000,10,11,adsb_icao
2026-03-01T09:02:00Z,SYN-A-307,22.1,-60.1,33000,10,11,adsb_icao
2026-03-01T09:03:00Z,SYN-A-307,22.1,-60.1,33000,10,11,adsb_icao
2026-03-01T09:04:00Z,SYN-A-307,22.1,-60.1,33000,10,11,adsb_icao
2026-03-01T09:05:00Z,SYN-A-307,22.1,-60.1,33000,10,11,adsb_icao
2026-03-01T10:00:00Z,SYN-A-307,30.2,-48.8,33000,9,10,adsb_icao
2026-03-01T10:01:00Z,SYN-A-307,30.2,-48.8,33000,9,10,adsb_icao
2026-03-01T10:02:00Z,SYN-A-307,30.2,-48.8,33000,9,10,adsb_icao
2026-03-01T10:03:00Z,SYN-A-307,30.2,-48.8,33000,9,10,adsb_icao
2026-03-01T09:00:00Z,SYN-A-308,24.1,-60.1,33000,10,11,adsb_icao
2026-03-01T09:01:00Z,SYN-A-308,24.1,-60.1,33000,10,11,adsb_icao
2026-03-01T09:02:00Z,SYN-A-308,24.1,-60.1,33000,10,11,adsb_icao
2026-03-01T09:03:00Z,SYN-A-308,24.1,-60.1,33000,10,11,adsb_icao
2026-03-01T09:04:00Z,SYN-A-308,24.1,-60.1,33000,10,11,adsb_icao
2026-03-01T09:05:00Z,SYN-A-308,24.1,-60.1,33000,10,11,adsb_icao
2026-03-01T10:00:00Z,SYN-A-308,30.2,-48.8,33000,9,10,adsb_icao
2026-03-01T10:01:00Z,SYN-A-308,30.2,-48.8,33000,9,10,adsb_icao
2026-03-01T10:02:00Z,SYN-A-308,30.2,-48.8,33000,9,10,adsb_icao
2026-03-01T10:03:00Z,SYN-A-308,30.2,-48.8,33000,9,10,adsb_icao
2026-03-01T09:00:00Z,SYN-A-309,20.1,-60.1,33000,10,11,adsb_icao
2026-03-01T09:01:00Z,SYN-A-309,20.1,-60.1,33000,10,11,adsb_icao
2026-03-01T09:02:00Z,SYN-A-309,20.1,-60.1,33000,10,11,adsb_icao
2026-03-01T09:03:00Z,SYN-A-309,20.1,-60.1,33000,10,11,adsb_icao
2026-03-01T09:04:00Z,SYN-A-309,20.1,-60.1,33000,10,11,adsb_icao
2026-03-01T09:05:00Z,SYN-A-309,20.1,-60.1,33000,10,11,adsb_icao
2026-03-01T10:00:00Z,SYN-A-309,30.2,-48.8,33000,9,10,adsb_icao
2026-03-01T10:01:00Z,SYN-A-309,30.2,-48.8,33000,9,10,adsb_icao
2026-03-01T10:02:00Z,SYN-A-309,30.2,-48.8,33000,9,10,adsb_icao
2026-03-01T10:03:00Z,SYN-A-309,30.2,-48.8,33000,9,10,adsb_icao
2026-03-01T09:00:00Z,SYN-A-310,22.1,-60.1,33000,10,11,adsb_icao
2026-03-01T09:01:00Z,SYN-A-310,22.1,-60.1,33000,10,11,adsb_icao
2026-03-01T09:02:00Z,SYN-A-310,22.1,-60.1,33000,10,11,adsb_icao
2026-03-01T09:03:00Z,SYN-A-310,22.1,-60.1,33000,10,11,adsb_icao
2026-03-01T09:04:00Z,SYN-A-310,22.1,-60.1,33000,10,11,adsb_icao
2026-03-01T09:05:00Z,SYN-A-310,22.1,-60.1,33000,10,11,adsb_icao
2026-03-01T10:00:00Z,SYN-A-310,30.2,-48.8,33000,9,10,adsb_icao
2026-03-01T10:01:00Z,SYN-A-310,30.2,-48.8,33000,9,10,adsb_icao
2026-03-01T10:02:00Z,SYN-A-310,30.2,-48.8,33000,9,10,adsb_icao
2026-03-01T10:03:00Z,SYN-A-310,30.2,-48.8,33000,9,10,adsb_icao
2026-03-01T09:00:00Z,SYN-A-311,24.1,-60.1,33000,10,11,adsb_icao
2026-03-01T09:01:00Z,SYN-A-311,24.1,-60.1,33000,10,11,adsb_icao
2026-03-01T09:02:00Z,SYN-A-311,24.1,-60.1,33000,10,11,adsb_icao
2026-03-01T09:03:00Z,SYN-A-311,24.1,-60.1,33000,10,11,adsb_icao
2026-03-01T09:04:00Z,SYN-A-311,24.1,-60.1,33000,10,11,adsb_icao
2026-03-01T09:05:00Z,SYN-A-311,24.1,-60.1,33000,10,11,adsb_icao
2026-03-01T10:00:00Z,SYN-A-311,30.2,-48.8,33000,9,10,adsb_icao
2026-03-01T10:01:00Z,SYN-A-311,30.2,-48.8,33000,9,10,adsb_icao
2026-03-01T10:02:00Z,SYN-A-311,30.2,-48.8,33000,9,10,adsb_icao
2026-03-01T10:03:00Z,SYN-A-311,30.2,-48.8,33000,9,10,adsb_icao
2026-03-01T09:00:00Z,SYN-A-400,20.1,-60.1,33000,10,11,adsb_icao
2026-03-01T09:01:00Z,SYN-A-400,20.1,-60.1,33000,10,11,adsb_icao
2026-03-01T09:02:00Z,SYN-A-400,20.1,-60.1,33000,10,11,adsb_icao
2026-03-01T09:03:00Z,SYN-A-400,20.1,-60.1,33000,10,11,adsb_icao
2026-03-01T09:04:00Z,SYN-A-400,20.1,-60.1,33000,10,11,adsb_icao
2026-03-01T09:05:00Z,SYN-A-400,20.1,-60.1,33000,10,11,adsb_icao
2026-03-01T10:00:00Z,SYN-A-400,30.2,-48.3,33000,9,10,adsb_icao
2026-03-01T10:01:00Z,SYN-A-400,30.2,-48.3,33000,9,10,adsb_icao
2026-03-01T10:02:00Z,SYN-A-400,30.2,-48.3,33000,9,10,adsb_icao
2026-03-01T10:03:00Z,SYN-A-400,30.2,-48.3,33000,9,10,adsb_icao
2026-03-01T09:00:00Z,SYN-A-401,22.1,-60.1,33000,10,11,adsb_icao
2026-03-01T09:01:00Z,SYN-A-401,22.1,-60.1,33000,10,11,adsb_icao
2026-03-01T09:02:00Z,SYN-A-401,22.1,-60.1,33000,10,11,adsb_icao
2026-03-01T09:03:00Z,SYN-A-401,22.1,-60.1,33000,10,11,adsb_icao
2026-03-01T09:04:00Z,SYN-A-401,22.1,-60.1,33000,10,11,adsb_icao
2026-03-01T09:05:00Z,SYN-A-401,22.1,-60.1,33000,10,11,adsb_icao
2026-03-01T10:00:00Z,SYN-A-401,30.2,-48.3,33000,9,10,adsb_icao
2026-03-01T10:01:00Z,SYN-A-401,30.2,-48.3,33000,9,10,adsb_icao
2026-03-01T10:02:00Z,SYN-A-401,30.2,-48.3,33000,9,10,adsb_icao
2026-03-01T10:03:00Z,SYN-A-401,30.2,-48.3,33000,9,10,adsb_icao
2026-03-01T09:00:00Z,SYN-A-402,24.1,-60.1,33000,10,11,adsb_icao
2026-03-01T09:01:00Z,SYN-A-402,24.1,-60.1,33000,10,11,adsb_icao
2026-03-01T09:02:00Z,SYN-A-402,24.1,-60.1,33000,10,11,adsb_icao
2026-03-01T09:03:00Z,SYN-A-402,24.1,-60.1,33000,10,11,adsb_icao
2026-03-01T09:04:00Z,SYN-A-402,24.1,-60.1,33000,10,11,adsb_icao
2026-03-01T09:05:00Z,SYN-A-402,24.1,-60.1,33000,10,11,adsb_icao
2026-03-01T10:00:00Z,SYN-A-402,30.2,-48.3,33000,9,10,adsb_icao
2026-03-01T10:01:00Z,SYN-A-402,30.2,-48.3,33000,9,10,adsb_icao
2026-03-01T10:02:00Z,SYN-A-402,30.2,-48.3,33000,9,10,adsb_icao
2026-03-01T10:03:00Z,SYN-A-402,30.2,-48.3,33000,9,10,adsb_icao
2026-03-01T09:00:00Z,SYN-A-403,20.1,-60.1,33000,10,11,adsb_icao
2026-03-01T09:01:00Z,SYN-A-403,20.1,-60.1,33000,10,11,adsb_icao
2026-03-01T09:02:00Z,SYN-A-403,20.1,-60.1,33000,10,11,adsb_icao
2026-03-01T09:03:00Z,SYN-A-403,20.1,-60.1,33000,10,11,adsb_icao
2026-03-01T09:04:00Z,SYN-A-403,20.1,-60.1,33000,10,11,adsb_icao
2026-03-01T09:05:00Z,SYN-A-403,20.1,-60.1,33000,10,11,adsb_icao
2026-03-01T10:00:00Z,SYN-A-403,30.2,-48.3,33000,9,10,adsb_icao
2026-03-01T10:01:00Z,SYN-A-403,30.2,-48.3,33000,9,10,adsb_icao
2026-03-01T10:02:00Z,SYN-A-403,30.2,-48.3,33000,9,10,adsb_icao
2026-03-01T10:03:00Z,SYN-A-403,30.2,-48.3,33000,9,10,adsb_icao
2026-03-01T09:00:00Z,SYN-A-404,22.1,-60.1,33000,10,11,adsb_icao
2026-03-01T09:01:00Z,SYN-A-404,22.1,-60.1,33000,10,11,adsb_icao
2026-03-01T09:02:00Z,SYN-A-404,22.1,-60.1,33000,10,11,adsb_icao
2026-03-01T09:03:00Z,SYN-A-404,22.1,-60.1,33000,10,11,adsb_icao
2026-03-01T09:04:00Z,SYN-A-404,22.1,-60.1,33000,10,11,adsb_icao
2026-03-01T09:05:00Z,SYN-A-404,22.1,-60.1,33000,10,11,adsb_icao
2026-03-01T10:00:00Z,SYN-A-404,30.2,-48.3,33000,9,10,adsb_icao
2026-03-01T10:01:00Z,SYN-A-404,30.2,-48.3,33000,9,10,adsb_icao
2026-03-01T10:02:00Z,SYN-A-404,30.2,-48.3,33000,9,10,adsb_icao
2026-03-01T10:03:00Z,SYN-A-404,30.2,-48.3,33000,9,10,adsb_icao
2026-03-01T09:00:00Z,SYN-A-405,24.1,-60.1,33000,10,11,adsb_icao
2026-03-01T09:01:00Z,SYN-A-405,24.1,-60.1,33000,10,11,adsb_icao
2026-03-01T09:02:00Z,SYN-A-405,24.1,-60.1,33000,10,11,adsb_icao
2026-03-01T09:03:00Z,SYN-A-405,24.1,-60.1,33000,10,11,adsb_icao
2026-03-01T09:04:00Z,SYN-A-405,24.1,-60.1,33000,10,11,adsb_icao
2026-03-01T09:05:00Z,SYN-A-405,24.1,-60.1,33000,10,11,adsb_icao
2026-03-01T10:00:00Z,SYN-A-405,30.2,-48.3,33000,9,10,adsb_icao
2026-03-01T10:01:00Z,SYN-A-405,30.2,-48.3,33000,9,10,adsb_icao
2026-03-01T10:02:00Z,SYN-A-405,30.2,-48.3,33000,9,10,adsb_icao
2026-03-01T10:03:00Z,SYN-A-405,30.2,-48.3,33000,9,10,adsb_icao
2026-03-01T09:00:00Z,SYN-A-406,20.1,-60.1,33000,10,11,adsb_icao
2026-03-01T09:01:00Z,SYN-A-406,20.1,-60.1,33000,10,11,adsb_icao
2026-03-01T09:02:00Z,SYN-A-406,20.1,-60.1,33000,10,11,adsb_icao
2026-03-01T09:03:00Z,SYN-A-406,20.1,-60.1,33000,10,11,adsb_icao
2026-03-01T09:04:00Z,SYN-A-406,20.1,-60.1,33000,10,11,adsb_icao
2026-03-01T09:05:00Z,SYN-A-406,20.1,-60.1,33000,10,11,adsb_icao
2026-03-01T10:00:00Z,SYN-A-406,30.2,-48.3,33000,9,10,adsb_icao
2026-03-01T10:01:00Z,SYN-A-406,30.2,-48.3,33000,9,10,adsb_icao
2026-03-01T10:02:00Z,SYN-A-406,30.2,-48.3,33000,9,10,adsb_icao
2026-03-01T10:03:00Z,SYN-A-406,30.2,-48.3,33000,9,10,adsb_icao
2026-03-01T09:00:00Z,SYN-A-407,22.1,-60.1,33000,10,11,adsb_icao
2026-03-01T09:01:00Z,SYN-A-407,22.1,-60.1,33000,10,11,adsb_icao
2026-03-01T09:02:00Z,SYN-A-407,22.1,-60.1,33000,10,11,adsb_icao
2026-03-01T09:03:00Z,SYN-A-407,22.1,-60.1,33000,10,11,adsb_icao
2026-03-01T09:04:00Z,SYN-A-407,22.1,-60.1,33000,10,11,adsb_icao
2026-03-01T09:05:00Z,SYN-A-407,22.1,-60.1,33000,10,11,adsb_icao
2026-03-01T10:00:00Z,SYN-A-407,30.2,-48.3,33000,9,10,adsb_icao
2026-03-01T10:01:00Z,SYN-A-407,30.2,-48.3,33000,9,10,adsb_icao
2026-03-01T10:02:00Z,SYN-A-407,30.2,-48.3,33000,9,10,adsb_icao
2026-03-01T10:03:00Z,SYN-A-407,30.2,-48.3,33000,9,10,adsb_icao
2026-03-01T09:00:00Z,SYN-A-408,24.1,-60.1,33000,10,11,adsb_icao
2026-03-01T09:01:00Z,SYN-A-408,24.1,-60.1,33000,10,11,adsb_icao
2026-03-01T09:02:00Z,SYN-A-408,24.1,-60.1,33000,10,11,adsb_icao
2026-03-01T09:03:00Z,SYN-A-408,24.1,-60.1,33000,10,11,adsb_icao
2026-03-01T09:04:00Z,SYN-A-408,24.1,-60.1,33000,10,11,adsb_icao
2026-03-01T09:05:00Z,SYN-A-408,24.1,-60.1,33000,10,11,adsb_icao
2026-03-01T10:00:00Z,SYN-A-408,30.2,-48.3,33000,9,10,adsb_icao
2026-03-01T10:01:00Z,SYN-A-408,30.2,-48.3,33000,9,10,adsb_icao
2026-03-01T10:02:00Z,SYN-A-408,30.2,-48.3,33000,9,10,adsb_icao
2026-03-01T10:03:00Z,SYN-A-408,30.2,-48.3,33000,9,10,adsb_icao
2026-03-01T09:00:00Z,SYN-A-409,20.1,-60.1,33000,10,11,adsb_icao
2026-03-01T09:01:00Z,SYN-A-409,20.1,-60.1,33000,10,11,adsb_icao
2026-03-01T09:02:00Z,SYN-A-409,20.1,-60.1,33000,10,11,adsb_icao
2026-03-01T09:03:00Z,SYN-A-409,20.1,-60.1,33000,10,11,adsb_icao
2026-03-01T09:04:00Z,SYN-A-409,20.1,-60.1,33000,10,11,adsb_icao
2026-03-01T09:05:00Z,SYN-A-409,20.1,-60.1,33000,10,11,adsb_icao
2026-03-01T10:00:00Z,SYN-A-409,30.2,-48.3,33000,9,10,adsb_icao
2026-03-01T10:01:00Z,SYN-A-409,30.2,-48.3,33000,9,10,adsb_icao
2026-03-01T10:02:00Z,SYN-A-409,30.2,-48.3,33000,9,10,adsb_icao
2026-03-01T10:03:00Z,SYN-A-409,30.2,-48.3,33000,9,10,adsb_icao
2026-03-01T09:00:00Z,SYN-A-410,22.1,-60.1,33000,10,11,adsb_icao
2026-03-01T09:01:00Z,SYN-A-410,22.1,-60.1,33000,10,11,adsb_icao
2026-03-01T09:02:00Z,SYN-A-410,22.1,-60.1,33000,10,11,adsb_icao
2026-03-01T09:03:00Z,SYN-A-410,22.1,-60.1,33000,10,11,adsb_icao
2026-03-01T09:04:00Z,SYN-A-410,22.1,-60.1,33000,10,11,adsb_icao
2026-03-01T09:05:00Z,SYN-A-410,22.1,-60.1,33000,10,11,adsb_icao
2026-03-01T10:00:00Z,SYN-A-410,30.2,-48.3,33000,9,10,adsb_icao
2026-03-01T10:01:00Z,SYN-A-410,30.2,-48.3,33000,9,10,adsb_icao
2026-03-01T10:02:00Z,SYN-A-410,30.2,-48.3,33000,9,10,adsb_icao
2026-03-01T10:03:00Z,SYN-A-410,30.2,-48.3,33000,9,10,adsb_icao
2026-03-01T09:00:00Z,SYN-A-411,24.1,-60.1,33000,10,11,adsb_icao
2026-03-01T09:01:00Z,SYN-A-411,24.1,-60.1,33000,10,11,adsb_icao
2026-03-01T09:02:00Z,SYN-A-411,24.1,-60.1,33000,10,11,adsb_icao
2026-03-01T09:03:00Z,SYN-A-411,24.1,-60.1,33000,10,11,adsb_icao
2026-03-01T09:04:00Z,SYN-A-411,24.1,-60.1,33000,10,11,adsb_icao
2026-03-01T09:05:00Z,SYN-A-411,24.1,-60.1,33000,10,11,adsb_icao
2026-03-01T10:00:00Z,SYN-A-411,30.2,-48.3,33000,9,10,adsb_icao
2026-03-01T10:01:00Z,SYN-A-411,30.2,-48.3,33000,9,10,adsb_icao
2026-03-01T10:02:00Z,SYN-A-411,30.2,-48.3,33000,9,10,adsb_icao
2026-03-01T10:03:00Z,SYN-A-411,30.2,-48.3,33000,9,10,adsb_icao
2026-03-01T09:00:00Z,SYN-A-500,20.1,-60.1,33000,10,11,adsb_icao
2026-03-01T09:01:00Z,SYN-A-500,20.1,-60.1,33000,10,11,adsb_icao
2026-03-01T09:02:00Z,SYN-A-500,20.1,-60.1,33000,10,11,adsb_icao
2026-03-01T09:03:00Z,SYN-A-500,20.1,-60.1,33000,10,11,adsb_icao
2026-03-01T09:04:00Z,SYN-A-500,20.1,-60.1,33000,10,11,adsb_icao
2026-03-01T09:05:00Z,SYN-A-500,20.1,-60.1,33000,10,11,adsb_icao
2026-03-01T10:00:00Z,SYN-A-500,30.2,-47.8,33000,9,10,adsb_icao
2026-03-01T10:01:00Z,SYN-A-500,30.2,-47.8,33000,9,10,adsb_icao
2026-03-01T10:02:00Z,SYN-A-500,30.2,-47.8,33000,9,10,adsb_icao
2026-03-01T10:03:00Z,SYN-A-500,30.2,-47.8,33000,9,10,adsb_icao
2026-03-01T09:00:00Z,SYN-A-501,22.1,-60.1,33000,10,11,adsb_icao
2026-03-01T09:01:00Z,SYN-A-501,22.1,-60.1,33000,10,11,adsb_icao
2026-03-01T09:02:00Z,SYN-A-501,22.1,-60.1,33000,10,11,adsb_icao
2026-03-01T09:03:00Z,SYN-A-501,22.1,-60.1,33000,10,11,adsb_icao
2026-03-01T09:04:00Z,SYN-A-501,22.1,-60.1,33000,10,11,adsb_icao
2026-03-01T09:05:00Z,SYN-A-501,22.1,-60.1,33000,10,11,adsb_icao
2026-03-01T10:00:00Z,SYN-A-501,30.2,-47.8,33000,9,10,adsb_icao
2026-03-01T10:01:00Z,SYN-A-501,30.2,-47.8,33000,9,10,adsb_icao
2026-03-01T10:02:00Z,SYN-A-501,30.2,-47.8,33000,9,10,adsb_icao
2026-03-01T10:03:00Z,SYN-A-501,30.2,-47.8,33000,9,10,adsb_icao
2026-03-01T09:00:00Z,SYN-A-502,24.1,-60.1,33000,10,11,adsb_icao
2026-03-01T09:01:00Z,SYN-A-502,24.1,-60.1,33000,10,11,adsb_icao
2026-03-01T09:02:00Z,SYN-A-502,24.1,-60.1,33000,10,11,adsb_icao
2026-03-01T09:03:00Z,SYN-A-502,24.1,-60.1,33000,10,11,adsb_icao
2026-03-01T09:04:00Z,SYN-A-502,24.1,-60.1,33000,10,11,adsb_icao
2026-03-01T09:05:00Z,SYN-A-502,24.1,-60.1,33000,10,11,adsb_icao
2026-03-01T10:00:00Z,SYN-A-502,30.2,-47.8,33000,9,10,adsb_icao
2026-03-01T10:01:00Z,SYN-A-502,30.2,-47.8,33000,9,10,adsb_icao
2026-03-01T10:02:00Z,SYN-A-502,30.2,-47.8,33000,9,10,adsb_icao
2026-03-01T10:03:00Z,SYN-A-502,30.2,-47.8,33000,9,10,adsb_icao
2026-03-01T09:00:00Z,SYN-A-503,20.1,-60.1,33000,10,11,adsb_icao
2026-03-01T09:01:00Z,SYN-A-503,20.1,-60.1,33000,10,11,adsb_icao
2026-03-01T09:02:00Z,SYN-A-503,20.1,-60.1,33000,10,11,adsb_icao
2026-03-01T09:03:00Z,SYN-A-503,20.1,-60.1,33000,10,11,adsb_icao
2026-03-01T09:04:00Z,SYN-A-503,20.1,-60.1,33000,10,11,adsb_icao
2026-03-01T09:05:00Z,SYN-A-503,20.1,-60.1,33000,10,11,adsb_icao
2026-03-01T10:00:00Z,SYN-A-503,30.2,-47.8,33000,9,10,adsb_icao
2026-03-01T10:01:00Z,SYN-A-503,30.2,-47.8,33000,9,10,adsb_icao
2026-03-01T10:02:00Z,SYN-A-503,30.2,-47.8,33000,9,10,adsb_icao
2026-03-01T10:03:00Z,SYN-A-503,30.2,-47.8,33000,9,10,adsb_icao
2026-03-01T09:00:00Z,SYN-A-504,22.1,-60.1,33000,10,11,adsb_icao
2026-03-01T09:01:00Z,SYN-A-504,22.1,-60.1,33000,10,11,adsb_icao
2026-03-01T09:02:00Z,SYN-A-504,22.1,-60.1,33000,10,11,adsb_icao
2026-03-01T09:03:00Z,SYN-A-504,22.1,-60.1,33000,10,11,adsb_icao
2026-03-01T09:04:00Z,SYN-A-504,22.1,-60.1,33000,10,11,adsb_icao
2026-03-01T09:05:00Z,SYN-A-504,22.1,-60.1,33000,10,11,adsb_icao
2026-03-01T10:00:00Z,SYN-A-504,30.2,-47.8,33000,9,10,adsb_icao
2026-03-01T10:01:00Z,SYN-A-504,30.2,-47.8,33000,9,10,adsb_icao
2026-03-01T10:02:00Z,SYN-A-504,30.2,-47.8,33000,9,10,adsb_icao
2026-03-01T10:03:00Z,SYN-A-504,30.2,-47.8,33000,9,10,adsb_icao
2026-03-01T09:00:00Z,SYN-A-505,24.1,-60.1,33000,10,11,adsb_icao
2026-03-01T09:01:00Z,SYN-A-505,24.1,-60.1,33000,10,11,adsb_icao
2026-03-01T09:02:00Z,SYN-A-505,24.1,-60.1,33000,10,11,adsb_icao
2026-03-01T09:03:00Z,SYN-A-505,24.1,-60.1,33000,10,11,adsb_icao
2026-03-01T09:04:00Z,SYN-A-505,24.1,-60.1,33000,10,11,adsb_icao
2026-03-01T09:05:00Z,SYN-A-505,24.1,-60.1,33000,10,11,adsb_icao
2026-03-01T10:00:00Z,SYN-A-505,30.2,-47.8,33000,9,10,adsb_icao
2026-03-01T10:01:00Z,SYN-A-505,30.2,-47.8,33000,9,10,adsb_icao
2026-03-01T10:02:00Z,SYN-A-505,30.2,-47.8,33000,9,10,adsb_icao
2026-03-01T10:03:00Z,SYN-A-505,30.2,-47.8,33000,9,10,adsb_icao
2026-03-01T09:00:00Z,SYN-A-506,20.1,-60.1,33000,10,11,adsb_icao
2026-03-01T09:01:00Z,SYN-A-506,20.1,-60.1,33000,10,11,adsb_icao
2026-03-01T09:02:00Z,SYN-A-506,20.1,-60.1,33000,10,11,adsb_icao
2026-03-01T09:03:00Z,SYN-A-506,20.1,-60.1,33000,10,11,adsb_icao
2026-03-01T09:04:00Z,SYN-A-506,20.1,-60.1,33000,10,11,adsb_icao
2026-03-01T09:05:00Z,SYN-A-506,20.1,-60.1,33000,10,11,adsb_icao
2026-03-01T10:00:00Z,SYN-A-506,30.2,-47.8,33000,9,10,adsb_icao
2026-03-01T10:01:00Z,SYN-A-506,30.2,-47.8,33000,9,10,adsb_icao
2026-03-01T10:02:00Z,SYN-A-506,30.2,-47.8,33000,9,10,adsb_icao
2026-03-01T10:03:00Z,SYN-A-506,30.2,-47.8,33000,9,10,adsb_icao
2026-03-01T09:00:00Z,SYN-A-507,22.1,-60.1,33000,10,11,adsb_icao
2026-03-01T09:01:00Z,SYN-A-507,22.1,-60.1,33000,10,11,adsb_icao
2026-03-01T09:02:00Z,SYN-A-507,22.1,-60.1,33000,10,11,adsb_icao
2026-03-01T09:03:00Z,SYN-A-507,22.1,-60.1,33000,10,11,adsb_icao
2026-03-01T09:04:00Z,SYN-A-507,22.1,-60.1,33000,10,11,adsb_icao
2026-03-01T09:05:00Z,SYN-A-507,22.1,-60.1,33000,10,11,adsb_icao
2026-03-01T10:00:00Z,SYN-A-507,30.2,-47.8,33000,9,10,adsb_icao
2026-03-01T10:01:00Z,SYN-A-507,30.2,-47.8,33000,9,10,adsb_icao
2026-03-01T10:02:00Z,SYN-A-507,30.2,-47.8,33000,9,10,adsb_icao
2026-03-01T10:03:00Z,SYN-A-507,30.2,-47.8,33000,9,10,adsb_icao
2026-03-01T09:00:00Z,SYN-A-508,24.1,-60.1,33000,10,11,adsb_icao
2026-03-01T09:01:00Z,SYN-A-508,24.1,-60.1,33000,10,11,adsb_icao
2026-03-01T09:02:00Z,SYN-A-508,24.1,-60.1,33000,10,11,adsb_icao
2026-03-01T09:03:00Z,SYN-A-508,24.1,-60.1,33000,10,11,adsb_icao
2026-03-01T09:04:00Z,SYN-A-508,24.1,-60.1,33000,10,11,adsb_icao
2026-03-01T09:05:00Z,SYN-A-508,24.1,-60.1,33000,10,11,adsb_icao
2026-03-01T10:00:00Z,SYN-A-508,30.2,-47.8,33000,9,10,adsb_icao
2026-03-01T10:01:00Z,SYN-A-508,30.2,-47.8,33000,9,10,adsb_icao
2026-03-01T10:02:00Z,SYN-A-508,30.2,-47.8,33000,9,10,adsb_icao
2026-03-01T10:03:00Z,SYN-A-508,30.2,-47.8,33000,9,10,adsb_icao
2026-03-01T09:00:00Z,SYN-A-509,20.1,-60.1,33000,10,11,adsb_icao
2026-03-01T09:01:00Z,SYN-A-509,20.1,-60.1,33000,10,11,adsb_icao
2026-03-01T09:02:00Z,SYN-A-509,20.1,-60.1,33000,10,11,adsb_icao
2026-03-01T09:03:00Z,SYN-A-509,20.1,-60.1,33000,10,11,adsb_icao
2026-03-01T09:04:00Z,SYN-A-509,20.1,-60.1,33000,10,11,adsb_icao
2026-03-01T09:05:00Z,SYN-A-509,20.1,-60.1,33000,10,11,adsb_icao
2026-03-01T10:00:00Z,SYN-A-509,30.2,-47.8,33000,9,10,adsb_icao
2026-03-01T10:01:00Z,SYN-A-509,30.2,-47.8,33000,9,10,adsb_icao
2026-03-01T10:02:00Z,SYN-A-509,30.2,-47.8,33000,9,10,adsb_icao
2026-03-01T10:03:00Z,SYN-A-509,30.2,-47.8,33000,9,10,adsb_icao
2026-03-01T09:00:00Z,SYN-A-510,22.1,-60.1,33000,10,11,adsb_icao
2026-03-01T09:01:00Z,SYN-A-510,22.1,-60.1,33000,10,11,adsb_icao
2026-03-01T09:02:00Z,SYN-A-510,22.1,-60.1,33000,10,11,adsb_icao
2026-03-01T09:03:00Z,SYN-A-510,22.1,-60.1,33000,10,11,adsb_icao
2026-03-01T09:04:00Z,SYN-A-510,22.1,-60.1,33000,10,11,adsb_icao
2026-03-01T09:05:00Z,SYN-A-510,22.1,-60.1,33000,10,11,adsb_icao
2026-03-01T10:00:00Z,SYN-A-510,30.2,-47.8,33000,9,10,adsb_icao
2026-03-01T10:01:00Z,SYN-A-510,30.2,-47.8,33000,9,10,adsb_icao
2026-03-01T10:02:00Z,SYN-A-510,30.2,-47.8,33000,9,10,adsb_icao
2026-03-01T10:03:00Z,SYN-A-510,30.2,-47.8,33000,9,10,adsb_icao
2026-03-01T09:00:00Z,SYN-A-511,24.1,-60.1,33000,10,11,adsb_icao
2026-03-01T09:01:00Z,SYN-A-511,24.1,-60.1,33000,10,11,adsb_icao
2026-03-01T09:02:00Z,SYN-A-511,24.1,-60.1,33000,10,11,adsb_icao
2026-03-01T09:03:00Z,SYN-A-511,24.1,-60.1,33000,10,11,adsb_icao
2026-03-01T09:04:00Z,SYN-A-511,24.1,-60.1,33000,10,11,adsb_icao
2026-03-01T09:05:00Z,SYN-A-511,24.1,-60.1,33000,10,11,adsb_icao
2026-03-01T10:00:00Z,SYN-A-511,30.2,-47.8,33000,9,10,adsb_icao
2026-03-01T10:01:00Z,SYN-A-511,30.2,-47.8,33000,9,10,adsb_icao
2026-03-01T10:02:00Z,SYN-A-511,30.2,-47.8,33000,9,10,adsb_icao
2026-03-01T10:03:00Z,SYN-A-511,30.2,-47.8,33000,9,10,adsb_icao
2026-03-01T09:00:00Z,SYN-A-600,20.1,-60.1,33000,10,11,adsb_icao
2026-03-01T09:01:00Z,SYN-A-600,20.1,-60.1,33000,10,11,adsb_icao
2026-03-01T09:02:00Z,SYN-A-600,20.1,-60.1,33000,10,11,adsb_icao
2026-03-01T09:03:00Z,SYN-A-600,20.1,-60.1,33000,10,11,adsb_icao
2026-03-01T09:04:00Z,SYN-A-600,20.1,-60.1,33000,10,11,adsb_icao
2026-03-01T09:05:00Z,SYN-A-600,20.1,-60.1,33000,10,11,adsb_icao
2026-03-01T10:00:00Z,SYN-A-600,30.2,-47.3,33000,9,10,adsb_icao
2026-03-01T10:01:00Z,SYN-A-600,30.2,-47.3,33000,9,10,adsb_icao
2026-03-01T10:02:00Z,SYN-A-600,30.2,-47.3,33000,9,10,adsb_icao
2026-03-01T10:03:00Z,SYN-A-600,30.2,-47.3,33000,9,10,adsb_icao
2026-03-01T09:00:00Z,SYN-A-601,22.1,-60.1,33000,10,11,adsb_icao
2026-03-01T09:01:00Z,SYN-A-601,22.1,-60.1,33000,10,11,adsb_icao
2026-03-01T09:02:00Z,SYN-A-601,22.1,-60.1,33000,10,11,adsb_icao
2026-03-01T09:03:00Z,SYN-A-601,22.1,-60.1,33000,10,11,adsb_icao
2026-03-01T09:04:00Z,SYN-A-601,22.1,-60.1,33000,10,11,adsb_icao
2026-03-01T09:05:00Z,SYN-A-601,22.1,-60.1,33000,10,11,adsb_icao
2026-03-01T10:00:00Z,SYN-A-601,30.2,-47.3,33000,9,10,adsb_icao
2026-03-01T10:01:00Z,SYN-A-601,30.2,-47.3,33000,9,10,adsb_icao
2026-03-01T10:02:00Z,SYN-A-601,30.2,-47.3,33000,9,10,adsb_icao
2026-03-01T10:03:00Z,SYN-A-601,30.2,-47.3,33000,9,10,adsb_icao
2026-03-01T09:00:00Z,SYN-A-602,24.1,-60.1,33000,10,11,adsb_icao
2026-03-01T09:01:00Z,SYN-A-602,24.1,-60.1,33000,10,11,adsb_icao
2026-03-01T09:02:00Z,SYN-A-602,24.1,-60.1,33000,10,11,adsb_icao
2026-03-01T09:03:00Z,SYN-A-602,24.1,-60.1,33000,10,11,adsb_icao
2026-03-01T09:04:00Z,SYN-A-602,24.1,-60.1,33000,10,11,adsb_icao
2026-03-01T09:05:00Z,SYN-A-602,24.1,-60.1,33000,10,11,adsb_icao
2026-03-01T10:00:00Z,SYN-A-602,30.2,-47.3,33000,9,10,adsb_icao
2026-03-01T10:01:00Z,SYN-A-602,30.2,-47.3,33000,9,10,adsb_icao
2026-03-01T10:02:00Z,SYN-A-602,30.2,-47.3,33000,9,10,adsb_icao
2026-03-01T10:03:00Z,SYN-A-602,30.2,-47.3,33000,9,10,adsb_icao
2026-03-01T09:00:00Z,SYN-A-603,20.1,-60.1,33000,10,11,adsb_icao
2026-03-01T09:01:00Z,SYN-A-603,20.1,-60.1,33000,10,11,adsb_icao
2026-03-01T09:02:00Z,SYN-A-603,20.1,-60.1,33000,10,11,adsb_icao
2026-03-01T09:03:00Z,SYN-A-603,20.1,-60.1,33000,10,11,adsb_icao
2026-03-01T09:04:00Z,SYN-A-603,20.1,-60.1,33000,10,11,adsb_icao
2026-03-01T09:05:00Z,SYN-A-603,20.1,-60.1,33000,10,11,adsb_icao
2026-03-01T10:00:00Z,SYN-A-603,30.2,-47.3,33000,9,10,adsb_icao
2026-03-01T10:01:00Z,SYN-A-603,30.2,-47.3,33000,9,10,adsb_icao
2026-03-01T10:02:00Z,SYN-A-603,30.2,-47.3,33000,9,10,adsb_icao
2026-03-01T10:03:00Z,SYN-A-603,30.2,-47.3,33000,9,10,adsb_icao
2026-03-01T09:00:00Z,SYN-A-604,22.1,-60.1,33000,10,11,adsb_icao
2026-03-01T09:01:00Z,SYN-A-604,22.1,-60.1,33000,10,11,adsb_icao
2026-03-01T09:02:00Z,SYN-A-604,22.1,-60.1,33000,10,11,adsb_icao
2026-03-01T09:03:00Z,SYN-A-604,22.1,-60.1,33000,10,11,adsb_icao
2026-03-01T09:04:00Z,SYN-A-604,22.1,-60.1,33000,10,11,adsb_icao
2026-03-01T09:05:00Z,SYN-A-604,22.1,-60.1,33000,10,11,adsb_icao
2026-03-01T10:00:00Z,SYN-A-604,30.2,-47.3,33000,9,10,adsb_icao
2026-03-01T10:01:00Z,SYN-A-604,30.2,-47.3,33000,9,10,adsb_icao
2026-03-01T10:02:00Z,SYN-A-604,30.2,-47.3,33000,9,10,adsb_icao
2026-03-01T10:03:00Z,SYN-A-604,30.2,-47.3,33000,9,10,adsb_icao
2026-03-01T09:00:00Z,SYN-A-605,24.1,-60.1,33000,10,11,adsb_icao
2026-03-01T09:01:00Z,SYN-A-605,24.1,-60.1,33000,10,11,adsb_icao
2026-03-01T09:02:00Z,SYN-A-605,24.1,-60.1,33000,10,11,adsb_icao
2026-03-01T09:03:00Z,SYN-A-605,24.1,-60.1,33000,10,11,adsb_icao
2026-03-01T09:04:00Z,SYN-A-605,24.1,-60.1,33000,10,11,adsb_icao
2026-03-01T09:05:00Z,SYN-A-605,24.1,-60.1,33000,10,11,adsb_icao
2026-03-01T10:00:00Z,SYN-A-605,30.2,-47.3,33000,9,10,adsb_icao
2026-03-01T10:01:00Z,SYN-A-605,30.2,-47.3,33000,9,10,adsb_icao
2026-03-01T10:02:00Z,SYN-A-605,30.2,-47.3,33000,9,10,adsb_icao
2026-03-01T10:03:00Z,SYN-A-605,30.2,-47.3,33000,9,10,adsb_icao
2026-03-01T09:00:00Z,SYN-A-606,20.1,-60.1,33000,10,11,adsb_icao
2026-03-01T09:01:00Z,SYN-A-606,20.1,-60.1,33000,10,11,adsb_icao
2026-03-01T09:02:00Z,SYN-A-606,20.1,-60.1,33000,10,11,adsb_icao
2026-03-01T09:03:00Z,SYN-A-606,20.1,-60.1,33000,10,11,adsb_icao
2026-03-01T09:04:00Z,SYN-A-606,20.1,-60.1,33000,10,11,adsb_icao
2026-03-01T09:05:00Z,SYN-A-606,20.1,-60.1,33000,10,11,adsb_icao
2026-03-01T10:00:00Z,SYN-A-606,30.2,-47.3,33000,9,10,adsb_icao
2026-03-01T10:01:00Z,SYN-A-606,30.2,-47.3,33000,9,10,adsb_icao
2026-03-01T10:02:00Z,SYN-A-606,30.2,-47.3,33000,9,10,adsb_icao
2026-03-01T10:03:00Z,SYN-A-606,30.2,-47.3,33000,9,10,adsb_icao
2026-03-01T09:00:00Z,SYN-A-607,22.1,-60.1,33000,10,11,adsb_icao
2026-03-01T09:01:00Z,SYN-A-607,22.1,-60.1,33000,10,11,adsb_icao
2026-03-01T09:02:00Z,SYN-A-607,22.1,-60.1,33000,10,11,adsb_icao
2026-03-01T09:03:00Z,SYN-A-607,22.1,-60.1,33000,10,11,adsb_icao
2026-03-01T09:04:00Z,SYN-A-607,22.1,-60.1,33000,10,11,adsb_icao
2026-03-01T09:05:00Z,SYN-A-607,22.1,-60.1,33000,10,11,adsb_icao
2026-03-01T10:00:00Z,SYN-A-607,30.2,-47.3,33000,9,10,adsb_icao
2026-03-01T10:01:00Z,SYN-A-607,30.2,-47.3,33000,9,10,adsb_icao
2026-03-01T10:02:00Z,SYN-A-607,30.2,-47.3,33000,9,10,adsb_icao
2026-03-01T10:03:00Z,SYN-A-607,30.2,-47.3,33000,9,10,adsb_icao
2026-03-01T09:00:00Z,SYN-A-608,24.1,-60.1,33000,10,11,adsb_icao
2026-03-01T09:01:00Z,SYN-A-608,24.1,-60.1,33000,10,11,adsb_icao
2026-03-01T09:02:00Z,SYN-A-608,24.1,-60.1,33000,10,11,adsb_icao
2026-03-01T09:03:00Z,SYN-A-608,24.1,-60.1,33000,10,11,adsb_icao
2026-03-01T09:04:00Z,SYN-A-608,24.1,-60.1,33000,10,11,adsb_icao
2026-03-01T09:05:00Z,SYN-A-608,24.1,-60.1,33000,10,11,adsb_icao
2026-03-01T10:00:00Z,SYN-A-608,30.2,-47.3,33000,9,10,adsb_icao
2026-03-01T10:01:00Z,SYN-A-608,30.2,-47.3,33000,9,10,adsb_icao
2026-03-01T10:02:00Z,SYN-A-608,30.2,-47.3,33000,9,10,adsb_icao
2026-03-01T10:03:00Z,SYN-A-608,30.2,-47.3,33000,9,10,adsb_icao
2026-03-01T09:00:00Z,SYN-A-609,20.1,-60.1,33000,10,11,adsb_icao
2026-03-01T09:01:00Z,SYN-A-609,20.1,-60.1,33000,10,11,adsb_icao
2026-03-01T09:02:00Z,SYN-A-609,20.1,-60.1,33000,10,11,adsb_icao
2026-03-01T09:03:00Z,SYN-A-609,20.1,-60.1,33000,10,11,adsb_icao
2026-03-01T09:04:00Z,SYN-A-609,20.1,-60.1,33000,10,11,adsb_icao
2026-03-01T09:05:00Z,SYN-A-609,20.1,-60.1,33000,10,11,adsb_icao
2026-03-01T10:00:00Z,SYN-A-609,30.2,-47.3,33000,9,10,adsb_icao
2026-03-01T10:01:00Z,SYN-A-609,30.2,-47.3,33000,9,10,adsb_icao
2026-03-01T10:02:00Z,SYN-A-609,30.2,-47.3,33000,9,10,adsb_icao
2026-03-01T10:03:00Z,SYN-A-609,30.2,-47.3,33000,9,10,adsb_icao
2026-03-01T09:00:00Z,SYN-A-610,22.1,-60.1,33000,10,11,adsb_icao
2026-03-01T09:01:00Z,SYN-A-610,22.1,-60.1,33000,10,11,adsb_icao
2026-03-01T09:02:00Z,SYN-A-610,22.1,-60.1,33000,10,11,adsb_icao
2026-03-01T09:03:00Z,SYN-A-610,22.1,-60.1,33000,10,11,adsb_icao
2026-03-01T09:04:00Z,SYN-A-610,22.1,-60.1,33000,10,11,adsb_icao
2026-03-01T09:05:00Z,SYN-A-610,22.1,-60.1,33000,10,11,adsb_icao
2026-03-01T10:00:00Z,SYN-A-610,30.2,-47.3,33000,9,10,adsb_icao
2026-03-01T10:01:00Z,SYN-A-610,30.2,-47.3,33000,9,10,adsb_icao
2026-03-01T10:02:00Z,SYN-A-610,30.2,-47.3,33000,9,10,adsb_icao
2026-03-01T10:03:00Z,SYN-A-610,30.2,-47.3,33000,9,10,adsb_icao
2026-03-01T09:00:00Z,SYN-A-611,24.1,-60.1,33000,10,11,adsb_icao
2026-03-01T09:01:00Z,SYN-A-611,24.1,-60.1,33000,10,11,adsb_icao
2026-03-01T09:02:00Z,SYN-A-611,24.1,-60.1,33000,10,11,adsb_icao
2026-03-01T09:03:00Z,SYN-A-611,24.1,-60.1,33000,10,11,adsb_icao
2026-03-01T09:04:00Z,SYN-A-611,24.1,-60.1,33000,10,11,adsb_icao
2026-03-01T09:05:00Z,SYN-A-611,24.1,-60.1,33000,10,11,adsb_icao
2026-03-01T10:00:00Z,SYN-A-611,30.2,-47.3,33000,9,10,adsb_icao
2026-03-01T10:01:00Z,SYN-A-611,30.2,-47.3,33000,9,10,adsb_icao
2026-03-01T10:02:00Z,SYN-A-611,30.2,-47.3,33000,9,10,adsb_icao
2026-03-01T10:03:00Z,SYN-A-611,30.2,-47.3,33000,9,10,adsb_icao
2026-03-01T10:00:00Z,SYN-B-00,31.2,-50.3,33000,0,0,adsb_icao
2026-03-01T10:01:00Z,SYN-B-00,31.2,-50.3,33000,0,0,adsb_icao
2026-03-01T10:02:00Z,SYN-B-00,31.2,-50.3,33000,0,0,adsb_icao
2026-03-01T10:03:00Z,SYN-B-00,31.2,-50.3,33000,0,0,adsb_icao
2026-03-01T10:00:00Z,SYN-B-01,31.2,-50.3,33000,0,0,adsb_icao
2026-03-01T10:01:00Z,SYN-B-01,31.2,-50.3,33000,0,0,adsb_icao
2026-03-01T10:02:00Z,SYN-B-01,31.2,-50.3,33000,0,0,adsb_icao
2026-03-01T10:03:00Z,SYN-B-01,31.2,-50.3,33000,0,0,adsb_icao
2026-03-01T10:00:00Z,SYN-B-02,31.2,-50.3,33000,0,0,adsb_icao
2026-03-01T10:01:00Z,SYN-B-02,31.2,-50.3,33000,0,0,adsb_icao
2026-03-01T10:02:00Z,SYN-B-02,31.2,-50.3,33000,0,0,adsb_icao
2026-03-01T10:03:00Z,SYN-B-02,31.2,-50.3,33000,0,0,adsb_icao
2026-03-01T10:00:00Z,SYN-B-03,31.2,-50.3,33000,0,0,adsb_icao
2026-03-01T10:01:00Z,SYN-B-03,31.2,-50.3,33000,0,0,adsb_icao
2026-03-01T10:02:00Z,SYN-B-03,31.2,-50.3,33000,0,0,adsb_icao
2026-03-01T10:03:00Z,SYN-B-03,31.2,-50.3,33000,0,0,adsb_icao
2026-03-01T10:00:00Z,SYN-B-04,31.2,-50.3,33000,0,0,adsb_icao
2026-03-01T10:01:00Z,SYN-B-04,31.2,-50.3,33000,0,0,adsb_icao
2026-03-01T10:02:00Z,SYN-B-04,31.2,-50.3,33000,0,0,adsb_icao
2026-03-01T10:03:00Z,SYN-B-04,31.2,-50.3,33000,0,0,adsb_icao
2026-03-01T10:00:00Z,SYN-B-05,31.2,-50.3,33000,0,0,adsb_icao
2026-03-01T10:01:00Z,SYN-B-05,31.2,-50.3,33000,0,0,adsb_icao
2026-03-01T10:02:00Z,SYN-B-05,31.2,-50.3,33000,0,0,adsb_icao
2026-03-01T10:03:00Z,SYN-B-05,31.2,-50.3,33000,0,0,adsb_icao
2026-03-01T10:00:00Z,SYN-B-06,31.2,-50.3,33000,0,0,adsb_icao
2026-03-01T10:01:00Z,SYN-B-06,31.2,-50.3,33000,0,0,adsb_icao
2026-03-01T10:02:00Z,SYN-B-06,31.2,-50.3,33000,0,0,adsb_icao
2026-03-01T10:03:00Z,SYN-B-06,31.2,-50.3,33000,0,0,adsb_icao
2026-03-01T10:00:00Z,SYN-C-00,32.2,-50.3,33000,9,10,adsb_icao
2026-03-01T10:01:00Z,SYN-C-00,32.2,-50.3,33000,9,10,adsb_icao
2026-03-01T10:02:00Z,SYN-C-00,32.2,-50.3,33000,9,10,adsb_icao
2026-03-01T10:03:00Z,SYN-C-00,32.2,-50.3,33000,9,10,adsb_icao
2026-03-01T10:00:00Z,SYN-C-01,32.2,-50.3,33000,9,10,adsb_icao
2026-03-01T10:01:00Z,SYN-C-01,32.2,-50.3,33000,9,10,adsb_icao
2026-03-01T10:02:00Z,SYN-C-01,32.2,-50.3,33000,9,10,adsb_icao
2026-03-01T10:03:00Z,SYN-C-01,32.2,-50.3,33000,9,10,adsb_icao
2026-03-01T10:00:00Z,SYN-C-02,32.2,-50.3,33000,9,10,adsb_icao
2026-03-01T10:01:00Z,SYN-C-02,32.2,-50.3,33000,9,10,adsb_icao
2026-03-01T10:02:00Z,SYN-C-02,32.2,-50.3,33000,9,10,adsb_icao
2026-03-01T10:03:00Z,SYN-C-02,32.2,-50.3,33000,9,10,adsb_icao
