timestamp,vessel_id,lat,lon,sog_kn
2026-03-01T10:00:00Z,SYN-T1-000,30.1000,-40.4000,12
2026-03-01T10:02:00Z,SYN-T1-000,30.1000,-40.3900,12
2026-03-01T10:04:00Z,SYN-T1-000,30.1000,-40.3800,12
2026-03-01T10:06:00Z,SYN-T1-000,30.1000,-40.3700,12
2026-03-01T10:08:00Z,SYN-T1-000,30.1000,-40.3600,12
2026-03-01T10:10:00Z,SYN-T1-000,30.1000,-40.3500,12
2026-03-01T10:00:00Z,SYN-T1-001,30.1200,-40.4000,12
2026-03-01T10:02:00Z,SYN-T1-001,30.1200,-40.3900,12
2026-03-01T10:04:00Z,SYN-T1-001,30.1200,-40.3800,12
2026-03-01T10:06:00Z,SYN-T1-001,30.1200,-40.3700,12
2026-03-01T10:08:00Z,SYN-T1-001,30.1200,-40.3600,12
2026-03-01T10:10:00Z,SYN-T1-001,30.1200,-40.3500,12
2026-03-01T10:00:00Z,SYN-T1-002,30.1400,-40.4000,12
2026-03-01T10:02:00Z,SYN-T1-002,30.1400,-40.3900,12
2026-03-01T10:04:00Z,SYN-T1-002,30.1400,-40.3800,12
2026-03-01T10:06:00Z,SYN-T1-002,30.1400,-40.3700,12
2026-03-01T10:08:00Z,SYN-T1-002,30.1400,-40.3600,12
2026-03-01T10:10:00Z,SYN-T1-002,30.1400,-40.3500,12
2026-03-01T10:00:00Z,SYN-T1-003,30.1600,-40.4000,12
2026-03-01T10:02:00Z,SYN-T1-003,30.1600,-40.3900,12
2026-03-01T10:04:00Z,SYN-T1-003,30.1600,-40.3800,12
2026-03-01T10:06:00Z,SYN-T1-003,30.1600,-40.3700,12
2026-03-01T10:08:00Z,SYN-T1-003,30.1600,-40.3600,12
2026-03-01T10:10:00Z,SYN-T1-003,30.1600,-40.3500,12
2026-03-01T10:00:00Z,SYN-T1-004,30.1800,-40.4000,12
2026-03-01T10:02:00Z,SYN-T1-004,30.1800,-40.3900,12
2026-03-01T10:04:00Z,SYN-T1-004,30.1800,-40.3800,12
2026-03-01T10:06:00Z,SYN-T1-004,30.1800,-40.3700,12
2026-03-01T10:08:00Z,SYN-T1-004,30.1800,-40.3600,12
2026-03-01T10:10:00Z,SYN-T1-004,30.1800,-40.3500,12
2026-03-01T10:00:00Z,SYN-T1-005,30.2000,-40.4000,12
2026-03-01T10:02:00Z,SYN-T1-005,30.2000,-40.3900,12
2026-03-01T10:04:00Z,SYN-T1-005,30.2000,-40.3800,12
2026-03-01T10:06:00Z,SYN-T1-005,30.2000,-40.3700,12
2026-03-01T10:08:00Z,SYN-T1-005,30.2000,-40.3600,12
2026-03-01T10:10:00Z,SYN-T1-005,30.2000,-40.3500,12
2026-03-01T10:00:00Z,SYN-T1-006,30.2200,-40.4000,12
2026-03-01T10:02:00Z,SYN-T1-006,30.2200,-40.3900,12
2026-03-01T10:04:00Z,SYN-T1-006,30.2200,-40.3800,12
2026-03-01T10:06:00Z,SYN-T1-006,30.2200,-40.3700,12
2026-03-01T10:08:00Z,SYN-T1-006,30.2200,-40.3600,12
2026-03-01T10:10:00Z,SYN-T1-006,30.2200,-40.3500,12
2026-03-01T10:00:00Z,SYN-T1-007,30.2400,-40.4000,12
2026-03-01T10:02:00Z,SYN-T1-007,30.2400,-40.3900,12
2026-03-01T10:04:00Z,SYN-T1-007,30.2400,-40.3800,12
2026-03-01T10:06:00Z,SYN-T1-007,30.2400,-40.3700,12
2026-03-01T10:08:00Z,SYN-T1-007,30.2400,-40.3600,12
2026-03-01T10:10:00Z,SYN-T1-007,30.2400,-40.3500,12
2026-03-01T10:00:00Z,SYN-T2-000,30.6000,-40.4000,12
2026-03-01T10:02:00Z,SYN-T2-000,30.6000,-40.3900,12
2026-03-01T10:04:00Z,SYN-T2-000,30.6000,-40.3800,12
2026-03-01T10:06:00Z,SYN-T2-000,30.6000,-40.3700,12
2026-03-01T10:08:00Z,SYN-T2-000,30.6000,-40.3600,12
2026-03-01T10:10:00Z,SYN-T2-000,30.6000,-40.3500,12
2026-03-01T10:00:00Z,SYN-T2-001,30.6200,-40.4000,12
2026-03-01T10:02:00Z,SYN-T2-001,30.6200,-40.3900,12
2026-03-01T10:04:00Z,SYN-T2-001,30.6200,-40.3800,12
2026-03-01T10:06:00Z,SYN-T2-001,30.6200,-40.3700,12
2026-03-01T10:08:00Z,SYN-T2-001,30.6200,-40.3600,12
2026-03-01T10:10:00Z,SYN-T2-001,30.6200,-40.3500,12
2026-03-01T10:00:00Z,SYN-T2-002,30.6400,-40.4000,12
2026-03-01T10:02:00Z,SYN-T2-002,30.6400,-40.3900,12
2026-03-01T10:04:00Z,SYN-T2-002,30.6400,-40.3800,12
2026-03-01T10:06:00Z,SYN-T2-002,30.6400,-40.3700,12
2026-03-01T10:08:00Z,SYN-T2-002,30.6400,-40.3600,12
2026-03-01T10:10:00Z,SYN-T2-002,30.6400,-40.3500,12
2026-03-01T10:00:00Z,SYN-T2-003,30.6600,-40.4000,12
2026-03-01T10:02:00Z,SYN-T2-003,30.6600,-40.3900,12
2026-03-01T10:04:00Z,SYN-T2-003,30.6600,-40.3800,12
2026-03-01T10:06:00Z,SYN-T2-003,30.6600,-40.3700,12
2026-03-01T10:08:00Z,SYN-T2-003,30.6600,-40.3600,12
2026-03-01T10:10:00Z,SYN-T2-003,30.6600,-40.3500,12
2026-03-01T10:00:00Z,SYN-T2-004,30.6800,-40.4000,12
2026-03-01T10:02:00Z,SYN-T2-004,30.6800,-40.3900,12
2026-03-01T10:04:00Z,SYN-T2-004,30.6800,-40.3800,12
2026-03-01T10:06:00Z,SYN-T2-004,30.6800,-40.3700,12
2026-03-01T10:08:00Z,SYN-T2-004,30.6800,-40.3600,12
2026-03-01T10:10:00Z,SYN-T2-004,30.6800,-40.3500,12
2026-03-01T10:00:00Z,SYN-T2-005,30.7000,-40.4000,12
2026-03-01T10:02:00Z,SYN-T2-005,30.7000,-40.3900,12
2026-03-01T10:04:00Z,SYN-T2-005,30.7000,-40.3800,12
2026-03-01T10:06:00Z,SYN-T2-005,30.7000,-40.3700,12
2026-03-01T10:08:00Z,SYN-T2-005,30.7000,-40.3600,12
2026-03-01T10:10:00Z,SYN-T2-005,30.7000,-40.3500,12
2026-03-01T10:00:00Z,SYN-T2-006,30.7200,-40.4000,12
2026-03-01T10:02:00Z,SYN-T2-006,30.7200,-40.3900,12
2026-03-01T10:04:00Z,SYN-T2-006,30.7200,-40.3800,12
2026-03-01T10:06:00Z,SYN-T2-006,30.7200,-40.3700,12
2026-03-01T10:08:00Z,SYN-T2-006,30.7200,-40.3600,12
2026-03-01T10:10:00Z,SYN-T2-006,30.7200,-40.3500,12
2026-03-01T10:00:00Z,SYN-T2-007,30.7400,-40.4000,12
2026-03-01T10:02:00Z,SYN-T2-007,30.7400,-40.3900,12
2026-03-01T10:04:00Z,SYN-T2-007,30.7400,-40.3800,12
2026-03-01T10:06:00Z,SYN-T2-007,30.7400,-40.3700,12
2026-03-01T10:08:00Z,SYN-T2-007,30.7400,-40.3600,12
2026-03-01T10:10:00Z,SYN-T2-007,30.7400,-40.3500,12
2026-03-01T10:00:00Z,SYN-T3-000,31.1000,-40.4000,12
2026-03-01T10:02:00Z,SYN-T3-000,31.1000,-40.3900,12
2026-03-01T10:04:00Z,SYN-T3-000,31.1000,-40.3800,12
2026-03-01T10:06:00Z,SYN-T3-000,31.1000,-40.3700,12
2026-03-01T10:08:00Z,SYN-T3-000,31.1000,-40.3600,12
2026-03-01T10:10:00Z,SYN-T3-000,31.1000,-40.3500,12
2026-03-01T10:00:00Z,SYN-T3-001,31.1200,-40.4000,12
2026-03-01T10:02:00Z,SYN-T3-001,31.1200,-40.3900,12
2026-03-01T10:04:00Z,SYN-T3-001,31.1200,-40.3800,12
2026-03-01T10:06:00Z,SYN-T3-001,31.1200,-40.3700,12
2026-03-01T10:08:00Z,SYN-T3-001,31.1200,-40.3600,12
2026-03-01T10:10:00Z,SYN-T3-001,31.1200,-40.3500,12
2026-03-01T10:00:00Z,SYN-T3-002,31.1400,-40.4000,12
2026-03-01T10:02:00Z,SYN-T3-002,31.1400,-40.3900,12
2026-03-01T10:04:00Z,SYN-T3-002,31.1400,-40.3800,12
2026-03-01T10:06:00Z,SYN-T3-002,31.1400,-40.3700,12
2026-03-01T10:08:00Z,SYN-T3-002,31.1400,-40.3600,12
2026-03-01T10:10:00Z,SYN-T3-002,31.1400,-40.3500,12
2026-03-01T10:00:00Z,SYN-T3-003,31.1600,-40.4000,12
2026-03-01T10:02:00Z,SYN-T3-003,31.1600,-40.3900,12
2026-03-01T10:04:00Z,SYN-T3-003,31.1600,-40.3800,12
2026-03-01T10:06:00Z,SYN-T3-003,31.1600,-40.3700,12
2026-03-01T10:08:00Z,SYN-T3-003,31.1600,-40.3600,12
2026-03-01T10:10:00Z,SYN-T3-003,31.1600,-40.3500,12
2026-03-01T10:00:00Z,SYN-T3-004,31.1800,-40.4000,12
2026-03-01T10:02:00Z,SYN-T3-004,31.1800,-40.3900,12
2026-03-01T10:04:00Z,SYN-T3-004,31.1800,-40.3800,12
2026-03-01T10:06:00Z,SYN-T3-004,31.1800,-40.3700,12
2026-03-01T10:08:00Z,SYN-T3-004,31.1800,-40.3600,12
2026-03-01T10:10:00Z,SYN-T3-004,31.1800,-40.3500,12
2026-03-01T10:00:00Z,SYN-T3-005,31.2000,-40.4000,12
2026-03-01T10:02:00Z,SYN-T3-005,31.2000,-40.3900,12
2026-03-01T10:04:00Z,SYN-T3-005,31.2000,-40.3800,12
2026-03-01T10:06:00Z,SYN-T3-005,31.2000,-40.3700,12
2026-03-01T10:08:00Z,SYN-T3-005,31.2000,-40.3600,12
2026-03-01T10:10:00Z,SYN-T3-005,31.2000,-40.3500,12
2026-03-01T10:00:00Z,SYN-T3-006,31.2200,-40.4000,12
2026-03-01T10:02:00Z,SYN-T3-006,31.2200,-40.3900,12
2026-03-01T10:04:00Z,SYN-T3-006,31.2200,-40.3800,12
2026-03-01T10:06:00Z,SYN-T3-006,31.2200,-40.3700,12
2026-03-01T10:08:00Z,SYN-T3-006,31.2200,-40.3600,12
2026-03-01T10:10:00Z,SYN-T3-006,31.2200,-40.3500,12
2026-03-01T10:00:00Z,SYN-T3-007,31.2400,-40.4000,12
2026-03-01T10:02:00Z,SYN-T3-007,31.2400,-40.3900,12
2026-03-01T10:04:00Z,SYN-T3-007,31.2400,-40.3800,12
2026-03-01T10:06:00Z,SYN-T3-007,31.2400,-40.3700,12
2026-03-01T10:08:00Z,SYN-T3-007,31.2400,-40.3600,12
2026-03-01T10:10:00Z,SYN-T3-007,31.2400,-40.3500,12
2026-03-01T10:00:00Z,SYN-T4-000,31.6000,-40.4000,12
2026-03-01T10:02:00Z,SYN-T4-000,31.6000,-40.3900,12
2026-03-01T10:04:00Z,SYN-T4-000,31.6000,-40.3800,12
2026-03-01T10:06:00Z,SYN-T4-000,31.6000,-40.3700,12
2026-03-01T10:08:00Z,SYN-T4-000,31.6000,-40.3600,12
2026-03-01T10:10:00Z,SYN-T4-000,31.6000,-40.3500,12
2026-03-01T10:00:00Z,SYN-T4-001,31.6200,-40.4000,12
2026-03-01T10:02:00Z,SYN-T4-001,31.6200,-40.3900,12
2026-03-01T10:04:00Z,SYN-T4-001,31.6200,-40.3800,12
2026-03-01T10:06:00Z,SYN-T4-001,31.6200,-40.3700,12
2026-03-01T10:08:00Z,SYN-T4-001,31.6200,-40.3600,12
2026-03-01T10:10:00Z,SYN-T4-001,31.6200,-40.3500,12
2026-03-01T10:00:00Z,SYN-T4-002,31.6400,-40.4000,12
2026-03-01T10:02:00Z,SYN-T4-002,31.6400,-40.3900,12
2026-03-01T10:04:00Z,SYN-T4-002,31.6400,-40.3800,12
2026-03-01T10:06:00Z,SYN-T4-002,31.6400,-40.3700,12
2026-03-01T10:08:00Z,SYN-T4-002,31.6400,-40.3600,12
2026-03-01T10:10:00Z,SYN-T4-002,31.6400,-40.3500,12
2026-03-01T10:00:00Z,SYN-T4-003,31.6600,-40.4000,12
2026-03-01T10:02:00Z,SYN-T4-003,31.6600,-40.3900,12
2026-03-01T10:04:00Z,SYN-T4-003,31.6600,-40.3800,12
2026-03-01T10:06:00Z,SYN-T4-003,31.6600,-40.3700,12
2026-03-01T10:08:00Z,SYN-T4-003,31.6600,-40.3600,12
2026-03-01T10:10:00Z,SYN-T4-003,31.6600,-40.3500,12
2026-03-01T10:00:00Z,SYN-T4-004,31.6800,-40.4000,12
2026-03-01T10:02:00Z,SYN-T4-004,31.6800,-40.3900,12
2026-03-01T10:04:00Z,SYN-T4-004,31.6800,-40.3800,12
2026-03-01T10:06:00Z,SYN-T4-004,31.6800,-40.3700,12
2026-03-01T10:08:00Z,SYN-T4-004,31.6800,-40.3600,12
2026-03-01T10:10:00Z,SYN-T4-004,31.6800,-40.3500,12
2026-03-01T10:00:00Z,SYN-T4-005,31.7000,-40.4000,12
2026-03-01T10:02:00Z,SYN-T4-005,31.7000,-40.3900,12
2026-03-01T10:04:00Z,SYN-T4-005,31.7000,-40.3800,12
2026-03-01T10:06:00Z,SYN-T4-005,31.7000,-40.3700,12
2026-03-01T10:08:00Z,SYN-T4-005,31.7000,-40.3600,12
2026-03-01T10:10:00Z,SYN-T4-005,31.7000,-40.3500,12
2026-03-01T10:00:00Z,SYN-T4-006,31.7200,-40.4000,12
2026-03-01T10:02:00Z,SYN-T4-006,31.7200,-40.3900,12
2026-03-01T10:04:00Z,SYN-T4-006,31.7200,-40.3800,12
2026-03-01T10:06:00Z,SYN-T4-006,31.7200,-40.3700,12
2026-03-01T10:08:00Z,SYN-T4-006,31.7200,-40.3600,12
2026-03-01T10:10:00Z,SYN-T4-006,31.7200,-40.3500,12
2026-03-01T10:00:00Z,SYN-T4-007,31.7400,-40.4000,12
2026-03-01T10:02:00Z,SYN-T4-007,31.7400,-40.3900,12
2026-03-01T10:04:00Z,SYN-T4-007,31.7400,-40.3800,12
2026-03-01T10:06:00Z,SYN-T4-007,31.7400,-40.3700,12
2026-03-01T10:08:00Z,SYN-T4-007,31.7400,-40.3600,12
2026-03-01T10:10:00Z,SYN-T4-007,31.7400,-40.3500,12
2026-03-01T11:06:40Z,SYN-C-000,30.20000,-39.67919,9
2026-03-01T11:07:40Z,SYN-C-000,30.20615,-39.68044,9
2026-03-01T11:08:40Z,SYN-C-000,30.21156,-39.68406,9
2026-03-01T11:09:40Z,SYN-C-000,30.21558,-39.68959,9
2026-03-01T11:10:40Z,SYN-C-000,30.21771,-39.69639,9
2026-03-01T11:11:40Z,SYN-C-000,30.21771,-39.70361,9
2026-03-01T11:12:40Z,SYN-C-000,30.21558,-39.71041,9
2026-03-01T11:13:40Z,SYN-C-000,30.21156,-39.71594,9
2026-03-01T11:14:40Z,SYN-C-000,30.20615,-39.71956,9
2026-03-01T11:15:40Z,SYN-C-000,30.20000,-39.72081,9
2026-03-01T11:16:40Z,SYN-C-000,30.19385,-39.71956,9
2026-03-01T11:17:40Z,SYN-C-000,30.18844,-39.71594,9
2026-03-01T11:18:40Z,SYN-C-000,30.18442,-39.71041,9
2026-03-01T11:19:40Z,SYN-C-000,30.18229,-39.70361,9
2026-03-01T11:20:40Z,SYN-C-000,30.18229,-39.69639,9
2026-03-01T11:21:40Z,SYN-C-000,30.18442,-39.68959,9
2026-03-01T11:22:40Z,SYN-C-000,30.18844,-39.68406,9
2026-03-01T11:23:40Z,SYN-C-000,30.19385,-39.68044,9
2026-03-01T11:24:40Z,SYN-C-000,30.20000,-39.67919,9
2026-03-01T11:25:40Z,SYN-C-000,30.20615,-39.68044,9
2026-03-01T11:26:40Z,SYN-C-000,30.21156,-39.68406,9
2026-03-01T11:27:40Z,SYN-C-000,30.21558,-39.68959,9
2026-03-01T11:28:40Z,SYN-C-000,30.21771,-39.69639,9
2026-03-01T11:29:40Z,SYN-C-000,30.21771,-39.70361,9
2026-03-01T11:06:40Z,SYN-C-001,30.22000,-39.67919,9
2026-03-01T11:07:40Z,SYN-C-001,30.22615,-39.68044,9
2026-03-01T11:08:40Z,SYN-C-001,30.23156,-39.68406,9
2026-03-01T11:09:40Z,SYN-C-001,30.23558,-39.68959,9
2026-03-01T11:10:40Z,SYN-C-001,30.23771,-39.69639,9
2026-03-01T11:11:40Z,SYN-C-001,30.23771,-39.70361,9
2026-03-01T11:12:40Z,SYN-C-001,30.23558,-39.71041,9
2026-03-01T11:13:40Z,SYN-C-001,30.23156,-39.71594,9
2026-03-01T11:14:40Z,SYN-C-001,30.22615,-39.71956,9
2026-03-01T11:15:40Z,SYN-C-001,30.22000,-39.72081,9
2026-03-01T11:16:40Z,SYN-C-001,30.21385,-39.71956,9
2026-03-01T11:17:40Z,SYN-C-001,30.20844,-39.71594,9
2026-03-01T11:18:40Z,SYN-C-001,30.20442,-39.71041,9
2026-03-01T11:19:40Z,SYN-C-001,30.20229,-39.70361,9
2026-03-01T11:20:40Z,SYN-C-001,30.20229,-39.69639,9
2026-03-01T11:21:40Z,SYN-C-001,30.20442,-39.68959,9
2026-03-01T11:22:40Z,SYN-C-001,30.20844,-39.68406,9
2026-03-01T11:23:40Z,SYN-C-001,30.21385,-39.68044,9
2026-03-01T11:24:40Z,SYN-C-001,30.22000,-39.67919,9
2026-03-01T11:25:40Z,SYN-C-001,30.22615,-39.68044,9
2026-03-01T11:26:40Z,SYN-C-001,30.23156,-39.68406,9
2026-03-01T11:27:40Z,SYN-C-001,30.23558,-39.68959,9
2026-03-01T11:28:40Z,SYN-C-001,30.23771,-39.69639,9
2026-03-01T11:29:40Z,SYN-C-001,30.23771,-39.70361,9
2026-03-01T11:06:40Z,SYN-C-002,30.24000,-39.67919,9
2026-03-01T11:07:40Z,SYN-C-002,30.24615,-39.68044,9
2026-03-01T11:08:40Z,SYN-C-002,30.25156,-39.68406,9
2026-03-01T11:09:40Z,SYN-C-002,30.25558,-39.68959,9
2026-03-01T11:10:40Z,SYN-C-002,30.25771,-39.69639,9
2026-03-01T11:11:40Z,SYN-C-002,30.25771,-39.70361,9
2026-03-01T11:12:40Z,SYN-C-002,30.25558,-39.71041,9
2026-03-01T11:13:40Z,SYN-C-002,30.25156,-39.71594,9
2026-03-01T11:14:40Z,SYN-C-002,30.24615,-39.71956,9
2026-03-01T11:15:40Z,SYN-C-002,30.24000,-39.72081,9
2026-03-01T11:16:40Z,SYN-C-002,30.23385,-39.71956,9
2026-03-01T11:17:40Z,SYN-C-002,30.22844,-39.71594,9
2026-03-01T11:18:40Z,SYN-C-002,30.22442,-39.71041,9
2026-03-01T11:19:40Z,SYN-C-002,30.22229,-39.70361,9
2026-03-01T11:20:40Z,SYN-C-002,30.22229,-39.69639,9
2026-03-01T11:21:40Z,SYN-C-002,30.22442,-39.68959,9
2026-03-01T11:22:40Z,SYN-C-002,30.22844,-39.68406,9
2026-03-01T11:23:40Z,SYN-C-002,30.23385,-39.68044,9
2026-03-01T11:24:40Z,SYN-C-002,30.24000,-39.67919,9
2026-03-01T11:25:40Z,SYN-C-002,30.24615,-39.68044,9
2026-03-01T11:26:40Z,SYN-C-002,30.25156,-39.68406,9
2026-03-01T11:27:40Z,SYN-C-002,30.25558,-39.68959,9
2026-03-01T11:28:40Z,SYN-C-002,30.25771,-39.69639,9
2026-03-01T11:29:40Z,SYN-C-002,30.25771,-39.70361,9
2026-03-01T11:06:40Z,SYN-C-003,30.26000,-39.67919,9
2026-03-01T11:07:40Z,SYN-C-003,30.26615,-39.68044,9
2026-03-01T11:08:40Z,SYN-C-003,30.27156,-39.68406,9
2026-03-01T11:09:40Z,SYN-C-003,30.27558,-39.68959,9
2026-03-01T11:10:40Z,SYN-C-003,30.27771,-39.69639,9
2026-03-01T11:11:40Z,SYN-C-003,30.27771,-39.70361,9
2026-03-01T11:12:40Z,SYN-C-003,30.27558,-39.71041,9
2026-03-01T11:13:40Z,SYN-C-003,30.27156,-39.71594,9
2026-03-01T11:14:40Z,SYN-C-003,30.26615,-39.71956,9
2026-03-01T11:15:40Z,SYN-C-003,30.26000,-39.72081,9
2026-03-01T11:16:40Z,SYN-C-003,30.25385,-39.71956,9
2026-03-01T11:17:40Z,SYN-C-003,30.24844,-39.71594,9
2026-03-01T11:18:40Z,SYN-C-003,30.24442,-39.71041,9
2026-03-01T11:19:40Z,SYN-C-003,30.24229,-39.70361,9
2026-03-01T11:20:40Z,SYN-C-003,30.24229,-39.69639,9
2026-03-01T11:21:40Z,SYN-C-003,30.24442,-39.68959,9
2026-03-01T11:22:40Z,SYN-C-003,30.24844,-39.68406,9
2026-03-01T11:23:40Z,SYN-C-003,30.25385,-39.68044,9
2026-03-01T11:24:40Z,SYN-C-003,30.26000,-39.67919,9
2026-03-01T11:25:40Z,SYN-C-003,30.26615,-39.68044,9
2026-03-01T11:26:40Z,SYN-C-003,30.27156,-39.68406,9
2026-03-01T11:27:40Z,SYN-C-003,30.27558,-39.68959,9
2026-03-01T11:28:40Z,SYN-C-003,30.27771,-39.69639,9
2026-03-01T11:29:40Z,SYN-C-003,30.27771,-39.70361,9
2026-03-01T11:06:40Z,SYN-C-004,30.28000,-39.67919,9
2026-03-01T11:07:40Z,SYN-C-004,30.28615,-39.68044,9
2026-03-01T11:08:40Z,SYN-C-004,30.29156,-39.68406,9
2026-03-01T11:09:40Z,SYN-C-004,30.29558,-39.68959,9
2026-03-01T11:10:40Z,SYN-C-004,30.29771,-39.69639,9
2026-03-01T11:11:40Z,SYN-C-004,30.29771,-39.70361,9
2026-03-01T11:12:40Z,SYN-C-004,30.29558,-39.71041,9
2026-03-01T11:13:40Z,SYN-C-004,30.29156,-39.71594,9
2026-03-01T11:14:40Z,SYN-C-004,30.28615,-39.71956,9
2026-03-01T11:15:40Z,SYN-C-004,30.28000,-39.72081,9
2026-03-01T11:16:40Z,SYN-C-004,30.27385,-39.71956,9
2026-03-01T11:17:40Z,SYN-C-004,30.26844,-39.71594,9
2026-03-01T11:18:40Z,SYN-C-004,30.26442,-39.71041,9
2026-03-01T11:19:40Z,SYN-C-004,30.26229,-39.70361,9
2026-03-01T11:20:40Z,SYN-C-004,30.26229,-39.69639,9
2026-03-01T11:21:40Z,SYN-C-004,30.26442,-39.68959,9
2026-03-01T11:22:40Z,SYN-C-004,30.26844,-39.68406,9
2026-03-01T11:23:40Z,SYN-C-004,30.27385,-39.68044,9
2026-03-01T11:24:40Z,SYN-C-004,30.28000,-39.67919,9
2026-03-01T11:25:40Z,SYN-C-004,30.28615,-39.68044,9
2026-03-01T11:26:40Z,SYN-C-004,30.29156,-39.68406,9
2026-03-01T11:27:40Z,SYN-C-004,30.29558,-39.68959,9
2026-03-01T11:28:40Z,SYN-C-004,30.29771,-39.69639,9
2026-03-01T11:29:40Z,SYN-C-004,30.29771,-39.70361,9
2026-03-01T11:06:40Z,SYN-C-005,30.30000,-39.67919,9
2026-03-01T11:07:40Z,SYN-C-005,30.30615,-39.68044,9
2026-03-01T11:08:40Z,SYN-C-005,30.31156,-39.68406,9
2026-03-01T11:09:40Z,SYN-C-005,30.31558,-39.68959,9
2026-03-01T11:10:40Z,SYN-C-005,30.31771,-39.69639,9
2026-03-01T11:11:40Z,SYN-C-005,30.31771,-39.70361,9
2026-03-01T11:12:40Z,SYN-C-005,30.31558,-39.71041,9
2026-03-01T11:13:40Z,SYN-C-005,30.31156,-39.71594,9
2026-03-01T11:14:40Z,SYN-C-005,30.30615,-39.71956,9
2026-03-01T11:15:40Z,SYN-C-005,30.30000,-39.72081,9
2026-03-01T11:16:40Z,SYN-C-005,30.29385,-39.71956,9
2026-03-01T11:17:40Z,SYN-C-005,30.28844,-39.71594,9
2026-03-01T11:18:40Z,SYN-C-005,30.28442,-39.71041,9
2026-03-01T11:19:40Z,SYN-C-005,30.28229,-39.70361,9
2026-03-01T11:20:40Z,SYN-C-005,30.28229,-39.69639,9
2026-03-01T11:21:40Z,SYN-C-005,30.28442,-39.68959,9
2026-03-01T11:22:40Z,SYN-C-005,30.28844,-39.68406,9
2026-03-01T11:23:40Z,SYN-C-005,30.29385,-39.68044,9
2026-03-01T11:24:40Z,SYN-C-005,30.30000,-39.67919,9
2026-03-01T11:25:40Z,SYN-C-005,30.30615,-39.68044,9
2026-03-01T11:26:40Z,SYN-C-005,30.31156,-39.68406,9
2026-03-01T11:27:40Z,SYN-C-005,30.31558,-39.68959,9
2026-03-01T11:28:40Z,SYN-C-005,30.31771,-39.69639,9
2026-03-01T11:29:40Z,SYN-C-005,30.31771,-39.70361,9
2026-03-01T08:20:00Z,SYN-L-000,31.2000,-39.7,5
2026-03-01T08:30:00Z,SYN-L-000,31.2000,-39.7,5
2026-03-01T08:40:00Z,SYN-L-000,31.2000,-39.7,5
2026-03-01T08:50:00Z,SYN-L-000,31.2000,-39.7,5
2026-03-01T08:20:07Z,SYN-L-001,31.2200,-39.7,5
2026-03-01T08:30:07Z,SYN-L-001,31.2200,-39.7,5
2026-03-01T08:40:07Z,SYN-L-001,31.2200,-39.7,5
2026-03-01T08:50:07Z,SYN-L-001,31.2200,-39.7,5
2026-03-01T08:20:14Z,SYN-L-002,31.2400,-39.7,5
2026-03-01T08:30:14Z,SYN-L-002,31.2400,-39.7,5
2026-03-01T08:40:14Z,SYN-L-002,31.2400,-39.7,5
2026-03-01T08:50:14Z,SYN-L-002,31.2400,-39.7,5
2026-03-01T08:20:21Z,SYN-L-003,31.2600,-39.7,5
2026-03-01T08:30:21Z,SYN-L-003,31.2600,-39.7,5
2026-03-01T08:40:21Z,SYN-L-003,31.2600,-39.7,5
2026-03-01T08:50:21Z,SYN-L-003,31.2600,-39.7,5
2026-03-01T08:20:28Z,SYN-L-004,31.2800,-39.7,5
2026-03-01T08:30:28Z,SYN-L-004,31.2800,-39.7,5
2026-03-01T08:40:28Z,SYN-L-004,31.2800,-39.7,5
2026-03-01T08:50:28Z,SYN-L-004,31.2800,-39.7,5
2026-03-01T08:20:35Z,SYN-L-005,31.3000,-39.7,5
2026-03-01T08:30:35Z,SYN-L-005,31.3000,-39.7,5
2026-03-01T08:40:35Z,SYN-L-005,31.3000,-39.7,5
2026-03-01T08:50:35Z,SYN-L-005,31.3000,-39.7,5
2026-03-01T05:33:20Z,SYN-F-000,32.3000,-40.4,10
2026-03-01T05:38:20Z,SYN-F-000,32.3000,-40.4,10
2026-03-01T05:43:20Z,SYN-F-000,32.3000,-40.4,10
2026-03-01T05:33:20Z,SYN-F-001,32.3200,-40.4,10
2026-03-01T05:38:20Z,SYN-F-001,32.3200,-40.4,10
2026-03-01T05:43:20Z,SYN-F-001,32.3200,-40.4,10
2026-03-01T05:33:20Z,SYN-F-002,32.3400,-40.4,10
2026-03-01T05:38:20Z,SYN-F-002,32.3400,-40.4,10
2026-03-01T05:43:20Z,SYN-F-002,32.3400,-40.4,10
2026-03-01T10:00:00Z,SYN-S-000,32.1000,-39.7000,12
2026-03-01T10:02:00Z,SYN-S-000,32.1000,-39.6900,12
2026-03-01T10:04:00Z,SYN-S-000,32.1000,-39.6800,12
2026-03-01T10:06:00Z,SYN-S-000,32.1000,-39.6700,12
2026-03-01T10:08:00Z,SYN-S-000,32.1000,-39.6600,12
2026-03-01T10:10:00Z,SYN-S-000,32.1000,-39.6500,12
2026-03-01T10:00:00Z,SYN-S-001,32.1200,-39.7000,12
2026-03-01T10:02:00Z,SYN-S-001,32.1200,-39.6900,12
2026-03-01T10:04:00Z,SYN-S-001,32.1200,-39.6800,12
2026-03-01T10:06:00Z,SYN-S-001,32.1200,-39.6700,12
2026-03-01T10:08:00Z,SYN-S-001,32.1200,-39.6600,12
2026-03-01T10:10:00Z,SYN-S-001,32.1200,-39.6500,12
2026-03-01T10:00:00Z,SYN-S-002,32.1400,-39.7000,12
2026-03-01T10:02:00Z,SYN-S-002,32.1400,-39.6900,12
2026-03-01T10:04:00Z,SYN-S-002,32.1400,-39.6800,12
2026-03-01T10:06:00Z,SYN-S-002,32.1400,-39.6700,12
2026-03-01T10:08:00Z,SYN-S-002,32.1400,-39.6600,12
2026-03-01T10:10:00Z,SYN-S-002,32.1400,-39.6500,12
2026-03-01T10:00:00Z,SYN-S-003,32.1600,-39.7000,12
2026-03-01T10:02:00Z,SYN-S-003,32.1600,-39.6900,12
2026-03-01T10:04:00Z,SYN-S-003,32.1600,-39.6800,12
2026-03-01T10:06:00Z,SYN-S-003,32.1600,-39.6700,12
2026-03-01T10:08:00Z,SYN-S-003,32.1600,-39.6600,12
2026-03-01T10:10:00Z,SYN-S-003,32.1600,-39.6500,12
2026-03-01T13:53:20Z,SYN-X-000,32.4000,-39.7,99
2026-03-01T13:54:20Z,SYN-X-000,32.4000,-39.7,99
2026-03-01T13:55:20Z,SYN-X-000,32.4000,-39.7,99
2026-03-01T13:56:20Z,SYN-X-000,32.4000,-39.7,99
2026-03-01T13:53:20Z,SYN-X-001,32.4200,-39.7,99
2026-03-01T13:54:20Z,SYN-X-001,32.4200,-39.7,99
2026-03-01T13:55:20Z,SYN-X-001,32.4200,-39.7,99
2026-03-01T13:56:20Z,SYN-X-001,32.4200,-39.7,99
