t_s,true_lat_deg,true_lon_deg
0,59.4550000,24.7700000
1,59.4550754,24.7700430
2,59.4551508,24.7700860
3,59.4552262,24.7701291
4,59.4553017,24.7701721
5,59.4553771,24.7702152
6,59.4554526,24.7702582
7,59.4555281,24.7703013
8,59.4556036,24.7703444
9,59.4556792,24.7703875
10,59.4557547,24.7704306
11,59.4558303,24.7704737
12,59.4559059,24.7705169
13,59.4559815,24.7705600
14,59.4560571,24.7706032
15,59.4561328,24.7706463
16,59.4562085,24.7706895
17,59.4562841,24.7707327
18,59.4563599,24.7707759
19,59.4564356,24.7708191
20,59.4565113,24.7708623
21,59.4565871,24.7709055
22,59.4566628,24.7709487
23,59.4567386,24.7709920
24,59.4568144,24.7710352
25,59.4568903,24.7710785
26,59.4569661,24.7711218
27,59.4570420,24.7711650
28,59.4571178,24.7712083
29,59.4571937,24.7712516
30,59.4572696,24.7712949
31,59.4573455,24.7713383
32,59.4574215,24.7713816
33,59.4574974,24.7714249
34,59.4575734,24.7714683
35,59.4576494,24.7715116
36,59.4577254,24.7715550
37,59.4578014,24.7715984
38,59.4578774,24.7716417
39,59.4579534,24.7716851
40,59.4580295,24.7717285
41,59.4581055,24.7717719
42,59.4581816,24.7718153
43,59.4582577,24.7718587
44,59.4583338,24.7719021
45,59.4584099,24.7719456
46,59.4584860,24.7719890
47,59.4585621,24.7720324
48,59.4586383,24.7720759
49,59.4587144,24.7721193
50,59.4587906,24.7721628
51,59.4588668,24.7722063
52,59.4589430,24.7722497
53,59.4590191,24.7722932
54,59.4590953,24.7723367
55,59.4591716,24.7723802
56,59.4592478,24.7724237
57,59.4593240,24.7724672
58,59.4594002,24.7725107
59,59.4594765,24.7725542
60,59.4595527,24.7725977
61,59.4596289,24.7726412
62,59.4597052,24.7726847
63,59.4597815,24.7727282
64,59.4598577,24.7727717
65,59.4599340,24.7728152
66,59.4600103,24.7728588
67,59.4600865,24.7729023
68,59.4601628,24.7729458
69,59.4602391,24.7729893
70,59.4603154,24.7730329
71,59.4603917,24.7730764
72,59.4604680,24.7731199
73,59.4605443,24.7731635
74,59.4606205,24.7732070
75,59.4606968,24.7732505
76,59.4607731,24.7732941
77,59.4608494,24.7733376
78,59.4609257,24.7733811
79,59.4610020,24.7734247
80,59.4610783,24.7734682
81,59.4611546,24.7735117
82,59.4612309,24.7735553
83,59.4613072,24.7735988
84,59.4613834,24.7736423
85,59.4614597,24.7736859
86,59.4615360,24.7737294
87,59.4616123,24.7737729
88,59.4616885,24.7738164
89,59.4617648,24.7738599
90,59.4618410,24.7739035
91,59.4619173,24.7739470
92,59.4619935,24.7739905
93,59.4620698,24.7740340
94,59.4621460,24.7740775
95,59.4622222,24.7741210
96,59.4622984,24.7741645
97,59.4623746,24.7742080
98,59.4624508,24.7742514
99,59.4625270,24.7742949
100,59.4626032,24.7743384
101,59.4626794,24.7743819
102,59.4627555,24.7744253
103,59.4628317,24.7744688
104,59.4629078,24.7745122
105,59.4629840,24.7745557
106,59.4630601,24.7745991
107,59.4631362,24.7746426
108,59.4632123,24.7746860
109,59.4632884,24.7747294
110,59.4633644,24.7747728
111,59.4634405,24.7748162
112,59.4635165,24.7748596
113,59.4635926,24.7749030
114,59.4636686,24.7749464
115,59.4637446,24.7749898
116,59.4638206,24.7750331
117,59.4638966,24.7750765
118,59.4639725,24.7751199
119,59.4640485,24.7751632
120,59.4641244,24.7752065
121,59.4642003,24.7752499
122,59.4642763,24.7752932
123,59.4643521,24.7753365
124,59.4644280,24.7753798
125,59.4645039,24.7754231
126,59.4645797,24.7754664
127,59.4646555,24.7755096
128,59.4647313,24.7755529
129,59.4648071,24.7755961
130,59.4648829,24.7756394
131,59.4649587,24.7756826
132,59.4650344,24.7757259
133,59.4651101,24.7757691
134,59.4651858,24.7758123
135,59.4652615,24.7758555
136,59.4653372,24.7758986
137,59.4654128,24.7759418
138,59.4654885,24.7759850
139,59.4655641,24.7760281
140,59.4656397,24.7760713
141,59.4657152,24.7761144
142,59.4657908,24.7761575
143,59.4658663,24.7762006
144,59.4659419,24.7762437
145,59.4660174,24.7762868
146,59.4660928,24.7763299
147,59.4661683,24.7763730
148,59.4662437,24.7764160
149,59.4663192,24.7764591
150,59.4663946,24.7765021
151,59.4664700,24.7765452
152,59.4665453,24.7765882
153,59.4666207,24.7766312
154,59.4666960,24.7766742
155,59.4667713,24.7767172
156,59.4668466,24.7767601
157,59.4669219,24.7768031
158,59.4669972,24.7768460
159,59.4670724,24.7768890
160,59.4671476,24.7769319
161,59.4672228,24.7769748
162,59.4672980,24.7770177
163,59.4673732,24.7770606
164,59.4674483,24.7771035
165,59.4675234,24.7771464
166,59.4675985,24.7771893
167,59.4676736,24.7772321
168,59.4677487,24.7772750
169,59.4678237,24.7773178
170,59.4678988,24.7773606
171,59.4679738,24.7774035
172,59.4680488,24.7774463
173,59.4681238,24.7774891
174,59.4681988,24.7775319
175,59.4682737,24.7775746
176,59.4683487,24.7776174
177,59.4684236,24.7776602
178,59.4684985,24.7777029
179,59.4685734,24.7777457
180,59.4686482,24.7777884
181,59.4687231,24.7778311
182,59.4687979,24.7778738
183,59.4688728,24.7779166
184,59.4689476,24.7779593
185,59.4690224,24.7780019
186,59.4690971,24.7780446
187,59.4691719,24.7780873
188,59.4692467,24.7781300
189,59.4693214,24.7781726
190,59.4693961,24.7782153
191,59.4694709,24.7782579
192,59.4695456,24.7783006
193,59.4696202,24.7783432
194,59.4696949,24.7783858
195,59.4697696,24.7784285
196,59.4698443,24.7784711
197,59.4699189,24.7785137
198,59.4699935,24.7785563
199,59.4700682,24.7785989
200,59.4701428,24.7786415
201,59.4702174,24.7786840
202,59.4702920,24.7787266
203,59.4703666,24.7787692
204,59.4704411,24.7788118
205,59.4705157,24.7788543
206,59.4705903,24.7788969
207,59.4706648,24.7789394
208,59.4707394,24.7789820
209,59.4708139,24.7790245
210,59.4708884,24.7790671
211,59.4709630,24.7791096
212,59.4710375,24.7791522
213,59.4711120,24.7791947
214,59.4711865,24.7792372
215,59.4712610,24.7792798
216,59.4713355,24.7793223
217,59.4714100,24.7793648
218,59.4714845,24.7794073
219,59.4715590,24.7794499
220,59.4716335,24.7794924
221,59.4717080,24.7795349
222,59.4717825,24.7795774
223,59.4718570,24.7796199
224,59.4719314,24.7796624
225,59.4720059,24.7797050
226,59.4720804,24.7797475
227,59.4721549,24.7797900
228,59.4722294,24.7798325
229,59.4723039,24.7798750
230,59.4723784,24.7799176
231,59.4724528,24.7799601
232,59.4725273,24.7800026
233,59.4726018,24.7800451
234,59.4726763,24.7800876
235,59.4727508,24.7801302
236,59.4728253,24.7801727
237,59.4728998,24.7802152
238,59.4729743,24.7802578
239,59.4730489,24.7803003
240,59.4731234,24.7803428
241,59.4731979,24.7803854
242,59.4732724,24.7804279
243,59.4733470,24.7804705
244,59.4734215,24.7805130
245,59.4734961,24.7805556
246,59.4735706,24.7805982
247,59.4736452,24.7806407
248,59.4737198,24.7806833
249,59.4737944,24.7807259
250,59.4738690,24.7807685
251,59.4739436,24.7808111
252,59.4740182,24.7808536
253,59.4740928,24.7808962
254,59.4741674,24.7809389
255,59.4742421,24.7809815
256,59.4743167,24.7810241
257,59.4743914,24.7810667
258,59.4744661,24.7811093
259,59.4745408,24.7811520
260,59.4746155,24.7811946
261,59.4746902,24.7812373
262,59.4747649,24.7812799
263,59.4748397,24.7813226
264,59.4749144,24.7813653
265,59.4749892,24.7814080
266,59.4750640,24.7814507
267,59.4751388,24.7814934
268,59.4752136,24.7815361
269,59.4752884,24.7815788
270,59.4753633,24.7816215
271,59.4754381,24.7816642
272,59.4755130,24.7817070
273,59.4755879,24.7817497
274,59.4756628,24.7817925
275,59.4757377,24.7818353
276,59.4758126,24.7818780
277,59.4758876,24.7819208
278,59.4759625,24.7819636
279,59.4760375,24.7820064
280,59.4761125,24.7820493
281,59.4761876,24.7820921
282,59.4762626,24.7821349
283,59.4763376,24.7821778
284,59.4764127,24.7822206
285,59.4764878,24.7822635
286,59.4765629,24.7823064
287,59.4766380,24.7823493
288,59.4767132,24.7823922
289,59.4767883,24.7824351
290,59.4768635,24.7824780
291,59.4769387,24.7825209
292,59.4770139,24.7825639
293,59.4770892,24.7826068
294,59.4771644,24.7826498
295,59.4772397,24.7826928
296,59.4773150,24.7827358
297,59.4773903,24.7827788
298,59.4774657,24.7828218
299,59.4775410,24.7828648
300,59.4776164,24.7829078
301,59.4776918,24.7829509
302,59.4777672,24.7829939
303,59.4778426,24.7830370
304,59.4779180,24.7830800
305,59.4779935,24.7831231
306,59.4780690,24.7831662
307,59.4781445,24.7832093
308,59.4782200,24.7832524
309,59.4782955,24.7832956
310,59.4783711,24.7833387
311,59.4784467,24.7833819
312,59.4785223,24.7834250
313,59.4785979,24.7834682
314,59.4786735,24.7835114
315,59.4787492,24.7835546
316,59.4788248,24.7835978
317,59.4789005,24.7836410
318,59.4789762,24.7836842
319,59.4790519,24.7837274
320,59.4791277,24.7837707
321,59.4792034,24.7838139
322,59.4792792,24.7838572
323,59.4793550,24.7839005
324,59.4794308,24.7839437
325,59.4795066,24.7839870
326,59.4795825,24.7840303
327,59.4796583,24.7840736
328,59.4797342,24.7841170
329,59.4798101,24.7841603
330,59.4798860,24.7842036
331,59.4799619,24.7842470
332,59.4800378,24.7842903
333,59.4801138,24.7843337
334,59.4801898,24.7843771
335,59.4802657,24.7844204
336,59.4803417,24.7844638
337,59.4804177,24.7845072
338,59.4804938,24.7845506
339,59.4805698,24.7845941
340,59.4806458,24.7846375
341,59.4807219,24.7846809
342,59.4807980,24.7847243
343,59.4808741,24.7847678
344,59.4809501,24.7848112
345,59.4810263,24.7848547
346,59.4811024,24.7848981
347,59.4811785,24.7849416
348,59.4812546,24.7849851
349,59.4813308,24.7850286
350,59.4814070,24.7850721
351,59.4814831,24.7851156
352,59.4815593,24.7851591
353,59.4816355,24.7852026
354,59.4817117,24.7852461
355,59.4817879,24.7852896
356,59.4818641,24.7853331
357,59.4819403,24.7853766
358,59.4820166,24.7854201
359,59.4820928,24.7854637
360,59.4821690,24.7855072
361,59.4822453,24.7855507
362,59.4823216,24.7855943
363,59.4823978,24.7856378
364,59.4824741,24.7856814
365,59.4825503,24.7857249
366,59.4826266,24.7857685
367,59.4827029,24.7858120
368,59.4827792,24.7858556
369,59.4828555,24.7858991
370,59.4829317,24.7859427
371,59.4830080,24.7859863
372,59.4830843,24.7860298
373,59.4831606,24.7860734
374,59.4832369,24.7861170
375,59.4833132,24.7861605
376,59.4833895,24.7862041
377,59.4834658,24.7862476
378,59.4835421,24.7862912
379,59.4836184,24.7863348
380,59.4836946,24.7863783
381,59.4837709,24.7864219
382,59.4838472,24.7864655
383,59.4839235,24.7865090
384,59.4839998,24.7865526
385,59.4840761,24.7865961
386,59.4841523,24.7866397
387,59.4842286,24.7866832
388,59.4843049,24.7867268
389,59.4843811,24.7867703
390,59.4844574,24.7868139
391,59.4845336,24.7868574
392,59.4846099,24.7869010
393,59.4846861,24.7869445
394,59.4847623,24.7869880
395,59.4848386,24.7870315
396,59.4849148,24.7870751
397,59.4849910,24.7871186
398,59.4850672,24.7871621
399,59.4851434,24.7872056
400,59.4852195,24.7872491
401,59.4852957,24.7872926
402,59.4853719,24.7873361
403,59.4854480,24.7873796
404,59.4855242,24.7874231
405,59.4856003,24.7874665
406,59.4856764,24.7875100
407,59.4857525,24.7875535
408,59.4858286,24.7875969
409,59.4859047,24.7876404
410,59.4859808,24.7876838
411,59.4860568,24.7877273
412,59.4861329,24.7877707
413,59.4862089,24.7878141
414,59.4862849,24.7878575
415,59.4863609,24.7879009
416,59.4864369,24.7879443
417,59.4865129,24.7879877
418,59.4865889,24.7880311
419,59.4866648,24.7880745
420,59.4867408,24.7881178
421,59.4868167,24.7881612
422,59.4868926,24.7882045
423,59.4869685,24.7882479
424,59.4870443,24.7882912
425,59.4871202,24.7883345
426,59.4871960,24.7883778
427,59.4872719,24.7884211
428,59.4873477,24.7884644
429,59.4874235,24.7885077
430,59.4874992,24.7885510
431,59.4875750,24.7885942
432,59.4876507,24.7886375
433,59.4877265,24.7886807
434,59.4878022,24.7887240
435,59.4878778,24.7887672
436,59.4879535,24.7888104
437,59.4880292,24.7888536
438,59.4881048,24.7888968
439,59.4881804,24.7889400
440,59.4882560,24.7889832
441,59.4883316,24.7890263
442,59.4884071,24.7890695
443,59.4884827,24.7891126
444,59.4885582,24.7891557
445,59.4886337,24.7891989
446,59.4887092,24.7892420
447,59.4887846,24.7892851
448,59.4888601,24.7893281
449,59.4889355,24.7893712
450,59.4890109,24.7894143
451,59.4890863,24.7894573
452,59.4891617,24.7895004
453,59.4892370,24.7895434
454,59.4893123,24.7895864
455,59.4893877,24.7896295
456,59.4894630,24.7896725
457,59.4895382,24.7897155
458,59.4896135,24.7897584
459,59.4896887,24.7898014
460,59.4897639,24.7898444
461,59.4898391,24.7898873
462,59.4899143,24.7899302
463,59.4899895,24.7899732
464,59.4900646,24.7900161
465,59.4901398,24.7900590
466,59.4902149,24.7901019
467,59.4902899,24.7901448
468,59.4903650,24.7901877
469,59.4904401,24.7902305
470,59.4905151,24.7902734
471,59.4905901,24.7903162
472,59.4906651,24.7903591
473,59.4907401,24.7904019
474,59.4908151,24.7904447
475,59.4908900,24.7904875
476,59.4909650,24.7905303
477,59.4910399,24.7905731
478,59.4911148,24.7906159
479,59.4911897,24.7906587
480,59.4912646,24.7907014
481,59.4913394,24.7907442
482,59.4914143,24.7907869
483,59.4914891,24.7908297
484,59.4915639,24.7908724
485,59.4916387,24.7909151
486,59.4917135,24.7909578
487,59.4917882,24.7910005
488,59.4918630,24.7910432
489,59.4919377,24.7910859
490,59.4920125,24.7911286
491,59.4920872,24.7911713
492,59.4921619,24.7912139
493,59.4922366,24.7912566
494,59.4923112,24.7912993
495,59.4923859,24.7913419
496,59.4924606,24.7913845
497,59.4925352,24.7914272
498,59.4926098,24.7914698
499,59.4926845,24.7915124
500,59.4927591,24.7915550
501,59.4928337,24.7915977
502,59.4929083,24.7916403
503,59.4929829,24.7916829
504,59.4930574,24.7917255
505,59.4931320,24.7917681
506,59.4932066,24.7918106
507,59.4932811,24.7918532
508,59.4933557,24.7918958
509,59.4934302,24.7919384
510,59.4935048,24.7919810
511,59.4935793,24.7920235
512,59.4936538,24.7920661
513,59.4937283,24.7921087
514,59.4938028,24.7921512
515,59.4938773,24.7921938
516,59.4939518,24.7922363
517,59.4940263,24.7922789
518,59.4941008,24.7923214
519,59.4941753,24.7923640
520,59.4942498,24.7924065
521,59.4943243,24.7924491
522,59.4943988,24.7924916
523,59.4944733,24.7925342
524,59.4945478,24.7925767
525,59.4946222,24.7926193
526,59.4946967,24.7926618
527,59.4947712,24.7927044
528,59.4948457,24.7927469
529,59.4949202,24.7927894
530,59.4949947,24.7928320
531,59.4950691,24.7928745
532,59.4951436,24.7929171
533,59.4952181,24.7929596
534,59.4952926,24.7930022
535,59.4953671,24.7930448
536,59.4954416,24.7930873
537,59.4955161,24.7931299
538,59.4955906,24.7931724
539,59.4956652,24.7932150
540,59.4957397,24.7932576
541,59.4958142,24.7933001
542,59.4958887,24.7933427
543,59.4959633,24.7933853
544,59.4960378,24.7934279
545,59.4961124,24.7934705
546,59.4961869,24.7935131
547,59.4962615,24.7935557
548,59.4963361,24.7935983
549,59.4964107,24.7936409
550,59.4964853,24.7936835
551,59.4965599,24.7937261
552,59.4966345,24.7937687
553,59.4967091,24.7938113
554,59.4967837,24.7938540
555,59.4968584,24.7938966
556,59.4969330,24.7939393
557,59.4970077,24.7939819
558,59.4970824,24.7940246
559,59.4971571,24.7940672
560,59.4972318,24.7941099
561,59.4973065,24.7941526
562,59.4973812,24.7941953
563,59.4974560,24.7942380
564,59.4975307,24.7942807
565,59.4976055,24.7943234
566,59.4976803,24.7943661
567,59.4977551,24.7944089
568,59.4978299,24.7944516
569,59.4979047,24.7944943
570,59.4979796,24.7945371
571,59.4980544,24.7945798
572,59.4981293,24.7946226
573,59.4982042,24.7946654
574,59.4982791,24.7947082
575,59.4983540,24.7947510
576,59.4984289,24.7947938
577,59.4985039,24.7948366
578,59.4985788,24.7948794
579,59.4986538,24.7949223
580,59.4987288,24.7949651
581,59.4988038,24.7950080
582,59.4988789,24.7950509
583,59.4989539,24.7950937
584,59.4990290,24.7951366
585,59.4991041,24.7951795
586,59.4991792,24.7952224
587,59.4992543,24.7952653
588,59.4993295,24.7953083
589,59.4994046,24.7953512
590,59.4994798,24.7953942
591,59.4995550,24.7954371
592,59.4996302,24.7954801
593,59.4997055,24.7955231
594,59.4997807,24.7955661
595,59.4998560,24.7956091
596,59.4999313,24.7956521
597,59.5000066,24.7956951
598,59.5000819,24.7957381
599,59.5001573,24.7957812
600,59.5002327,24.7958243
601,59.5003080,24.7958673
602,59.5003835,24.7959104
603,59.5004589,24.7959535
604,59.5005343,24.7959966
605,59.5006098,24.7960397
606,59.5006853,24.7960828
607,59.5007608,24.7961260
608,59.5008363,24.7961691
609,59.5009118,24.7962123
610,59.5009874,24.7962554
611,59.5010630,24.7962986
612,59.5011386,24.7963418
613,59.5012142,24.7963850
614,59.5012898,24.7964282
615,59.5013654,24.7964714
616,59.5014411,24.7965147
617,59.5015168,24.7965579
618,59.5015925,24.7966012
619,59.5016682,24.7966444
620,59.5017440,24.7966877
621,59.5018197,24.7967310
622,59.5018955,24.7967743
623,59.5019713,24.7968176
624,59.5020471,24.7968609
625,59.5021229,24.7969042
626,59.5021987,24.7969475
627,59.5022746,24.7969909
628,59.5023505,24.7970342
629,59.5024264,24.7970776
630,59.5025023,24.7971209
631,59.5025782,24.7971643
632,59.5026541,24.7972077
633,59.5027301,24.7972511
634,59.5028060,24.7972945
635,59.5028820,24.7973379
636,59.5029580,24.7973813
637,59.5030340,24.7974247
638,59.5031100,24.7974682
639,59.5031861,24.7975116
640,59.5032621,24.7975551
641,59.5033382,24.7975985
642,59.5034142,24.7976420
643,59.5034903,24.7976855
644,59.5035664,24.7977289
645,59.5036425,24.7977724
646,59.5037187,24.7978159
647,59.5037948,24.7978594
648,59.5038709,24.7979029
649,59.5039471,24.7979464
650,59.5040232,24.7979900
651,59.5040994,24.7980335
652,59.5041756,24.7980770
653,59.5042518,24.7981205
654,59.5043280,24.7981641
655,59.5044042,24.7982076
656,59.5044804,24.7982512
657,59.5045566,24.7982947
658,59.5046328,24.7983383
659,59.5047091,24.7983818
660,59.5047853,24.7984254
661,59.5048616,24.7984690
662,59.5049378,24.7985125
663,59.5050141,24.7985561
664,59.5050903,24.7985997
665,59.5051666,24.7986433
666,59.5052429,24.7986868
667,59.5053192,24.7987304
668,59.5053954,24.7987740
669,59.5054717,24.7988176
670,59.5055480,24.7988612
671,59.5056243,24.7989048
672,59.5057006,24.7989484
673,59.5057769,24.7989920
674,59.5058532,24.7990355
675,59.5059295,24.7990791
676,59.5060058,24.7991227
677,59.5060820,24.7991663
678,59.5061583,24.7992099
679,59.5062346,24.7992535
680,59.5063109,24.7992971
681,59.5063872,24.7993407
682,59.5064635,24.7993843
683,59.5065398,24.7994279
684,59.5066160,24.7994715
685,59.5066923,24.7995150
686,59.5067686,24.7995586
687,59.5068449,24.7996022
688,59.5069211,24.7996458
689,59.5069974,24.7996894
690,59.5070736,24.7997329
691,59.5071499,24.7997765
692,59.5072261,24.7998201
693,59.5073024,24.7998636
694,59.5073786,24.7999072
695,59.5074548,24.7999507
696,59.5075310,24.7999943
697,59.5076072,24.8000378
698,59.5076834,24.8000814
699,59.5077596,24.8001249
700,59.5078358,24.8001685
701,59.5079120,24.8002120
702,59.5079881,24.8002555
703,59.5080643,24.8002990
704,59.5081404,24.8003425
705,59.5082166,24.8003860
706,59.5082927,24.8004295
707,59.5083688,24.8004730
708,59.5084449,24.8005165
709,59.5085210,24.8005600
710,59.5085970,24.8006035
711,59.5086731,24.8006469
712,59.5087491,24.8006904
713,59.5088252,24.8007338
714,59.5089012,24.8007773
715,59.5089772,24.8008207
716,59.5090532,24.8008641
717,59.5091292,24.8009075
718,59.5092051,24.8009510
719,59.5092811,24.8009944
720,59.5093570,24.8010378
721,59.5094329,24.8010811
722,59.5095088,24.8011245
723,59.5095847,24.8011679
724,59.5096606,24.8012112
725,59.5097365,24.8012546
726,59.5098123,24.8012979
727,59.5098881,24.8013413
728,59.5099639,24.8013846
729,59.5100397,24.8014279
730,59.5101155,24.8014712
731,59.5101913,24.8015145
732,59.5102670,24.8015578
733,59.5103427,24.8016010
734,59.5104184,24.8016443
735,59.5104941,24.8016876
736,59.5105698,24.8017308
737,59.5106454,24.8017740
738,59.5107210,24.8018172
739,59.5107967,24.8018605
740,59.5108722,24.8019037
741,59.5109478,24.8019469
742,59.5110234,24.8019900
743,59.5110989,24.8020332
744,59.5111744,24.8020764
745,59.5112499,24.8021195
746,59.5113254,24.8021626
747,59.5114009,24.8022058
748,59.5114763,24.8022489
749,59.5115518,24.8022920
750,59.5116272,24.8023351
751,59.5117025,24.8023782
752,59.5117779,24.8024212
753,59.5118533,24.8024643
754,59.5119286,24.8025074
755,59.5120039,24.8025504
756,59.5120792,24.8025934
757,59.5121545,24.8026364
758,59.5122297,24.8026795
759,59.5123050,24.8027225
760,59.5123802,24.8027654
761,59.5124554,24.8028084
762,59.5125306,24.8028514
763,59.5126057,24.8028943
764,59.5126809,24.8029373
765,59.5127560,24.8029802
766,59.5128311,24.8030231
767,59.5129062,24.8030661
768,59.5129813,24.8031090
769,59.5130563,24.8031519
770,59.5131314,24.8031948
771,59.5132064,24.8032376
772,59.5132814,24.8032805
773,59.5133564,24.8033233
774,59.5134313,24.8033662
775,59.5135063,24.8034090
776,59.5135812,24.8034519
777,59.5136561,24.8034947
778,59.5137310,24.8035375
779,59.5138059,24.8035803
780,59.5138808,24.8036231
781,59.5139557,24.8036659
782,59.5140305,24.8037086
783,59.5141053,24.8037514
784,59.5141801,24.8037942
785,59.5142549,24.8038369
786,59.5143297,24.8038796
787,59.5144045,24.8039224
788,59.5144792,24.8039651
789,59.5145540,24.8040078
790,59.5146287,24.8040505
791,59.5147034,24.8040932
792,59.5147781,24.8041359
793,59.5148528,24.8041786
794,59.5149275,24.8042213
795,59.5150022,24.8042640
796,59.5150768,24.8043067
797,59.5151515,24.8043493
798,59.5152261,24.8043920
799,59.5153007,24.8044346
800,59.5153753,24.8044773
801,59.5154499,24.8045199
802,59.5155245,24.8045625
803,59.5155991,24.8046052
804,59.5156737,24.8046478
805,59.5157483,24.8046904
806,59.5158228,24.8047330
807,59.5158974,24.8047757
808,59.5159719,24.8048183
809,59.5160465,24.8048609
810,59.5161210,24.8049035
811,59.5161955,24.8049461
812,59.5162700,24.8049887
813,59.5163446,24.8050313
814,59.5164191,24.8050738
815,59.5164936,24.8051164
816,59.5165681,24.8051590
817,59.5166426,24.8052016
818,59.5167171,24.8052442
819,59.5167916,24.8052868
820,59.5168660,24.8053293
821,59.5169405,24.8053719
822,59.5170150,24.8054145
823,59.5170895,24.8054571
824,59.5171640,24.8054996
825,59.5172385,24.8055422
826,59.5173130,24.8055848
827,59.5173874,24.8056274
828,59.5174619,24.8056699
829,59.5175364,24.8057125
830,59.5176109,24.8057551
831,59.5176854,24.8057977
832,59.5177599,24.8058402
833,59.5178344,24.8058828
834,59.5179089,24.8059254
835,59.5179834,24.8059680
836,59.5180579,24.8060106
837,59.5181324,24.8060532
838,59.5182069,24.8060957
839,59.5182814,24.8061383
840,59.5183559,24.8061809
841,59.5184304,24.8062235
842,59.5185050,24.8062661
843,59.5185795,24.8063088
844,59.5186541,24.8063514
845,59.5187286,24.8063940
846,59.5188032,24.8064366
847,59.5188777,24.8064792
848,59.5189523,24.8065219
849,59.5190269,24.8065645
850,59.5191015,24.8066071
851,59.5191761,24.8066498
852,59.5192507,24.8066924
853,59.5193253,24.8067351
854,59.5194000,24.8067777
855,59.5194746,24.8068204
856,59.5195493,24.8068631
857,59.5196239,24.8069058
858,59.5196986,24.8069485
859,59.5197733,24.8069912
860,59.5198480,24.8070339
861,59.5199227,24.8070766
862,59.5199975,24.8071193
863,59.5200722,24.8071620
864,59.5201469,24.8072047
865,59.5202217,24.8072475
866,59.5202965,24.8072902
867,59.5203713,24.8073330
868,59.5204461,24.8073758
869,59.5205209,24.8074185
870,59.5205958,24.8074613
871,59.5206706,24.8075041
872,59.5207455,24.8075469
873,59.5208204,24.8075897
874,59.5208953,24.8076325
875,59.5209702,24.8076754
876,59.5210451,24.8077182
877,59.5211201,24.8077610
878,59.5211951,24.8078039
879,59.5212700,24.8078468
880,59.5213450,24.8078896
881,59.5214201,24.8079325
882,59.5214951,24.8079754
883,59.5215702,24.8080183
884,59.5216452,24.8080612
885,59.5217203,24.8081042
886,59.5217954,24.8081471
887,59.5218706,24.8081901
888,59.5219457,24.8082330
889,59.5220209,24.8082760
890,59.5220960,24.8083190
891,59.5221712,24.8083619
892,59.5222465,24.8084049
893,59.5223217,24.8084480
894,59.5223969,24.8084910
895,59.5224722,24.8085340
896,59.5225475,24.8085771
897,59.5226228,24.8086201
898,59.5226982,24.8086632
899,59.5227735,24.8087063
900,59.5228489,24.8087493
901,59.5229243,24.8087924
902,59.5229997,24.8088355
903,59.5230751,24.8088787
904,59.5231505,24.8089218
905,59.5232260,24.8089649
906,59.5233015,24.8090081
907,59.5233770,24.8090513
908,59.5234525,24.8090944
909,59.5235280,24.8091376
910,59.5236036,24.8091808
911,59.5236792,24.8092240
912,59.5237548,24.8092672
913,59.5238304,24.8093105
914,59.5239060,24.8093537
915,59.5239817,24.8093970
916,59.5240573,24.8094402
917,59.5241330,24.8094835
918,59.5242087,24.8095268
919,59.5242844,24.8095701
920,59.5243602,24.8096134
921,59.5244359,24.8096567
922,59.5245117,24.8097000
923,59.5245875,24.8097433
924,59.5246633,24.8097867
925,59.5247391,24.8098300
926,59.5248150,24.8098734
927,59.5248908,24.8099167
928,59.5249667,24.8099601
929,59.5250426,24.8100035
930,59.5251185,24.8100469
931,59.5251944,24.8100903
932,59.5252703,24.8101337
933,59.5253463,24.8101771
934,59.5254222,24.8102206
935,59.5254982,24.8102640
936,59.5255742,24.8103074
937,59.5256502,24.8103509
938,59.5257262,24.8103944
939,59.5258023,24.8104378
940,59.5258783,24.8104813
941,59.5259544,24.8105248
942,59.5260304,24.8105683
943,59.5261065,24.8106118
944,59.5261826,24.8106553
945,59.5262587,24.8106988
946,59.5263349,24.8107423
947,59.5264110,24.8107859
948,59.5264871,24.8108294
949,59.5265633,24.8108729
950,59.5266394,24.8109165
951,59.5267156,24.8109600
952,59.5267918,24.8110036
953,59.5268680,24.8110472
954,59.5269442,24.8110907
955,59.5270204,24.8111343
956,59.5270966,24.8111779
957,59.5271728,24.8112215
958,59.5272490,24.8112650
959,59.5273253,24.8113086
960,59.5274015,24.8113522
961,59.5274778,24.8113958
962,59.5275540,24.8114394
963,59.5276303,24.8114830
964,59.5277065,24.8115266
965,59.5277828,24.8115702
966,59.5278591,24.8116138
967,59.5279354,24.8116574
968,59.5280116,24.8117011
969,59.5280879,24.8117447
970,59.5281642,24.8117883
971,59.5282405,24.8118319
972,59.5283168,24.8118755
973,59.5283931,24.8119192
974,59.5284694,24.8119628
975,59.5285457,24.8120064
976,59.5286219,24.8120500
977,59.5286982,24.8120936
978,59.5287745,24.8121373
979,59.5288508,24.8121809
980,59.5289271,24.8122245
981,59.5290034,24.8122681
982,59.5290797,24.8123118
983,59.5291560,24.8123554
984,59.5292322,24.8123990
985,59.5293085,24.8124426
986,59.5293848,24.8124862
987,59.5294611,24.8125298
988,59.5295373,24.8125734
989,59.5296136,24.8126170
990,59.5296898,24.8126606
991,59.5297661,24.8127042
992,59.5298423,24.8127478
993,59.5299186,24.8127914
994,59.5299948,24.8128350
995,59.5300710,24.8128786
996,59.5301472,24.8129222
997,59.5302234,24.8129658
998,59.5302996,24.8130093
999,59.5303758,24.8130529
1000,59.5304520,24.8130965
1001,59.5305282,24.8131400
1002,59.5306043,24.8131836
1003,59.5306805,24.8132271
1004,59.5307566,24.8132706
1005,59.5308327,24.8133142
1006,59.5309089,24.8133577
1007,59.5309850,24.8134012
1008,59.5310611,24.8134447
1009,59.5311371,24.8134882
1010,59.5312132,24.8135317
1011,59.5312893,24.8135752
1012,59.5313653,24.8136187
1013,59.5314414,24.8136622
1014,59.5315174,24.8137057
1015,59.5315934,24.8137491
1016,59.5316694,24.8137926
1017,59.5317454,24.8138360
1018,59.5318213,24.8138795
1019,59.5318973,24.8139229
1020,59.5319732,24.8139663
1021,59.5320491,24.8140097
1022,59.5321250,24.8140531
1023,59.5322009,24.8140965
1024,59.5322768,24.8141399
1025,59.5323526,24.8141833
1026,59.5324285,24.8142267
1027,59.5325043,24.8142700
1028,59.5325801,24.8143134
1029,59.5326559,24.8143567
1030,59.5327317,24.8144001
1031,59.5328074,24.8144434
1032,59.5328832,24.8144867
1033,59.5329589,24.8145300
1034,59.5330346,24.8145733
1035,59.5331103,24.8146166
1036,59.5331859,24.8146598
1037,59.5332616,24.8147031
1038,59.5333372,24.8147463
1039,59.5334128,24.8147896
1040,59.5334884,24.8148328
1041,59.5335640,24.8148760
1042,59.5336396,24.8149192
1043,59.5337151,24.8149624
1044,59.5337906,24.8150056
1045,59.5338661,24.8150488
1046,59.5339416,24.8150920
1047,59.5340171,24.8151351
1048,59.5340925,24.8151783
1049,59.5341679,24.8152214
1050,59.5342433,24.8152645
1051,59.5343187,24.8153076
1052,59.5343941,24.8153507
1053,59.5344694,24.8153938
1054,59.5345448,24.8154369
1055,59.5346201,24.8154800
1056,59.5346954,24.8155230
1057,59.5347706,24.8155661
1058,59.5348459,24.8156091
1059,59.5349211,24.8156522
1060,59.5349964,24.8156952
1061,59.5350716,24.8157382
1062,59.5351467,24.8157812
1063,59.5352219,24.8158242
1064,59.5352970,24.8158671
1065,59.5353722,24.8159101
1066,59.5354473,24.8159531
1067,59.5355224,24.8159960
1068,59.5355974,24.8160389
1069,59.5356725,24.8160819
1070,59.5357475,24.8161248
1071,59.5358225,24.8161677
1072,59.5358975,24.8162106
1073,59.5359725,24.8162535
1074,59.5360475,24.8162963
1075,59.5361225,24.8163392
1076,59.5361974,24.8163821
1077,59.5362723,24.8164249
1078,59.5363472,24.8164677
1079,59.5364221,24.8165106
1080,59.5364970,24.8165534
1081,59.5365718,24.8165962
1082,59.5366467,24.8166390
1083,59.5367215,24.8166818
1084,59.5367963,24.8167246
1085,59.5368711,24.8167674
1086,59.5369459,24.8168101
1087,59.5370206,24.8168529
1088,59.5370954,24.8168956
1089,59.5371701,24.8169384
1090,59.5372449,24.8169811
1091,59.5373196,24.8170239
1092,59.5373943,24.8170666
1093,59.5374690,24.8171093
1094,59.5375436,24.8171520
1095,59.5376183,24.8171947
1096,59.5376930,24.8172374
1097,59.5377676,24.8172801
1098,59.5378422,24.8173228
1099,59.5379169,24.8173655
1100,59.5379915,24.8174082
1101,59.5380661,24.8174508
1102,59.5381407,24.8174935
1103,59.5382153,24.8175361
1104,59.5382898,24.8175788
1105,59.5383644,24.8176215
1106,59.5384390,24.8176641
1107,59.5385135,24.8177067
1108,59.5385881,24.8177494
1109,59.5386626,24.8177920
1110,59.5387371,24.8178346
1111,59.5388117,24.8178773
1112,59.5388862,24.8179199
1113,59.5389607,24.8179625
1114,59.5390352,24.8180051
1115,59.5391097,24.8180477
1116,59.5391842,24.8180904
1117,59.5392587,24.8181330
1118,59.5393332,24.8181756
1119,59.5394077,24.8182182
1120,59.5394822,24.8182608
1121,59.5395567,24.8183034
1122,59.5396312,24.8183460
1123,59.5397057,24.8183886
1124,59.5397801,24.8184312
1125,59.5398546,24.8184738
1126,59.5399291,24.8185164
1127,59.5400036,24.8185590
1128,59.5400781,24.8186016
1129,59.5401526,24.8186442
1130,59.5402270,24.8186868
1131,59.5403015,24.8187294
1132,59.5403760,24.8187720
1133,59.5404505,24.8188146
1134,59.5405250,24.8188573
1135,59.5405995,24.8188999
1136,59.5406740,24.8189425
1137,59.5407485,24.8189851
1138,59.5408230,24.8190277
1139,59.5408975,24.8190703
1140,59.5409721,24.8191130
1141,59.5410466,24.8191556
1142,59.5411211,24.8191982
1143,59.5411957,24.8192409
1144,59.5412702,24.8192835
1145,59.5413448,24.8193261
1146,59.5414193,24.8193688
1147,59.5414939,24.8194115
1148,59.5415685,24.8194541
1149,59.5416430,24.8194968
1150,59.5417176,24.8195394
1151,59.5417922,24.8195821
1152,59.5418669,24.8196248
1153,59.5419415,24.8196675
1154,59.5420161,24.8197102
1155,59.5420908,24.8197529
1156,59.5421654,24.8197956
1157,59.5422401,24.8198383
1158,59.5423148,24.8198810
1159,59.5423895,24.8199237
1160,59.5424642,24.8199665
1161,59.5425389,24.8200092
1162,59.5426136,24.8200519
1163,59.5426883,24.8200947
1164,59.5427631,24.8201375
1165,59.5428379,24.8201802
1166,59.5429126,24.8202230
1167,59.5429874,24.8202658
1168,59.5430622,24.8203086
1169,59.5431371,24.8203514
1170,59.5432119,24.8203942
1171,59.5432868,24.8204370
1172,59.5433616,24.8204798
1173,59.5434365,24.8205227
1174,59.5435114,24.8205655
1175,59.5435863,24.8206084
1176,59.5436613,24.8206513
1177,59.5437362,24.8206941
1178,59.5438112,24.8207370
1179,59.5438862,24.8207799
1180,59.5439612,24.8208228
1181,59.5440362,24.8208657
1182,59.5441112,24.8209087
1183,59.5441863,24.8209516
1184,59.5442614,24.8209945
1185,59.5443365,24.8210375
1186,59.5444116,24.8210805
1187,59.5444867,24.8211234
1188,59.5445618,24.8211664
1189,59.5446370,24.8212094
1190,59.5447122,24.8212524
1191,59.5447874,24.8212954
1192,59.5448626,24.8213385
1193,59.5449378,24.8213815
1194,59.5450131,24.8214246
1195,59.5450884,24.8214676
1196,59.5451636,24.8215107
1197,59.5452390,24.8215538
1198,59.5453143,24.8215969
1199,59.5453896,24.8216400
1200,59.5454650,24.8216831
1201,59.5455404,24.8217262
1202,59.5456158,24.8217694
1203,59.5456912,24.8218125
1204,59.5457667,24.8218557
1205,59.5458421,24.8218988
1206,59.5459176,24.8219420
1207,59.5459931,24.8219852
1208,59.5460686,24.8220284
1209,59.5461442,24.8220716
1210,59.5462197,24.8221149
1211,59.5462953,24.8221581
1212,59.5463709,24.8222013
1213,59.5464465,24.8222446
1214,59.5465221,24.8222879
1215,59.5465978,24.8223311
1216,59.5466735,24.8223744
1217,59.5467491,24.8224177
1218,59.5468248,24.8224610
1219,59.5469006,24.8225044
1220,59.5469763,24.8225477
1221,59.5470521,24.8225910
1222,59.5471278,24.8226344
1223,59.5472036,24.8226777
1224,59.5472794,24.8227211
1225,59.5473552,24.8227645
1226,59.5474311,24.8228079
1227,59.5475069,24.8228513
1228,59.5475828,24.8228947
1229,59.5476587,24.8229381
1230,59.5477346,24.8229815
1231,59.5478105,24.8230249
1232,59.5478865,24.8230684
1233,59.5479624,24.8231118
1234,59.5480384,24.8231553
1235,59.5481143,24.8231988
1236,59.5481903,24.8232422
1237,59.5482663,24.8232857
1238,59.5483424,24.8233292
1239,59.5484184,24.8233727
1240,59.5484944,24.8234162
1241,59.5485705,24.8234597
1242,59.5486466,24.8235033
1243,59.5487227,24.8235468
1244,59.5487987,24.8235903
1245,59.5488749,24.8236339
1246,59.5489510,24.8236774
1247,59.5490271,24.8237210
1248,59.5491032,24.8237645
1249,59.5491794,24.8238081
1250,59.5492556,24.8238517
1251,59.5493317,24.8238953
1252,59.5494079,24.8239389
1253,59.5494841,24.8239824
1254,59.5495603,24.8240260
1255,59.5496365,24.8240696
1256,59.5497127,24.8241132
1257,59.5497889,24.8241569
1258,59.5498652,24.8242005
1259,59.5499414,24.8242441
1260,59.5500176,24.8242877
1261,59.5500939,24.8243313
1262,59.5501701,24.8243750
1263,59.5502464,24.8244186
1264,59.5503227,24.8244622
1265,59.5503989,24.8245059
1266,59.5504752,24.8245495
1267,59.5505515,24.8245932
1268,59.5506278,24.8246368
1269,59.5507040,24.8246804
1270,59.5507803,24.8247241
1271,59.5508566,24.8247677
1272,59.5509329,24.8248114
1273,59.5510092,24.8248550
1274,59.5510855,24.8248987
1275,59.5511618,24.8249423
1276,59.5512381,24.8249860
1277,59.5513143,24.8250296
1278,59.5513906,24.8250733
1279,59.5514669,24.8251169
1280,59.5515432,24.8251606
1281,59.5516195,24.8252042
1282,59.5516958,24.8252479
1283,59.5517721,24.8252915
1284,59.5518483,24.8253352
1285,59.5519246,24.8253788
1286,59.5520009,24.8254225
1287,59.5520772,24.8254661
1288,59.5521534,24.8255097
1289,59.5522297,24.8255534
1290,59.5523059,24.8255970
1291,59.5523822,24.8256406
1292,59.5524584,24.8256843
1293,59.5525347,24.8257279
1294,59.5526109,24.8257715
1295,59.5526871,24.8258151
1296,59.5527633,24.8258587
1297,59.5528395,24.8259023
1298,59.5529157,24.8259459
1299,59.5529919,24.8259895
1300,59.5530681,24.8260331
1301,59.5531443,24.8260767
1302,59.5532204,24.8261203
1303,59.5532966,24.8261639
1304,59.5533727,24.8262074
1305,59.5534488,24.8262510
1306,59.5535250,24.8262945
1307,59.5536011,24.8263381
1308,59.5536772,24.8263816
1309,59.5537533,24.8264252
1310,59.5538293,24.8264687
1311,59.5539054,24.8265122
1312,59.5539814,24.8265557
1313,59.5540575,24.8265992
1314,59.5541335,24.8266427
1315,59.5542095,24.8266862
1316,59.5542855,24.8267297
1317,59.5543615,24.8267732
1318,59.5544374,24.8268167
1319,59.5545134,24.8268601
1320,59.5545893,24.8269036
1321,59.5546652,24.8269470
1322,59.5547411,24.8269905
1323,59.5548170,24.8270339
1324,59.5548929,24.8270773
1325,59.5549687,24.8271207
1326,59.5550446,24.8271641
1327,59.5551204,24.8272075
1328,59.5551962,24.8272509
1329,59.5552720,24.8272942
1330,59.5553478,24.8273376
1331,59.5554235,24.8273810
1332,59.5554993,24.8274243
1333,59.5555750,24.8274676
1334,59.5556507,24.8275109
1335,59.5557264,24.8275543
1336,59.5558020,24.8275976
1337,59.5558777,24.8276408
1338,59.5559533,24.8276841
1339,59.5560289,24.8277274
1340,59.5561045,24.8277707
1341,59.5561801,24.8278139
1342,59.5562557,24.8278571
1343,59.5563312,24.8279004
1344,59.5564067,24.8279436
1345,59.5564822,24.8279868
1346,59.5565577,24.8280300
1347,59.5566333,24.8280721
1348,59.5567090,24.8281132
1349,59.5567849,24.8281533
1350,59.5568609,24.8281923
1351,59.5569370,24.8282302
1352,59.5570132,24.8282671
1353,59.5570896,24.8283029
1354,59.5571660,24.8283376
1355,59.5572425,24.8283713
1356,59.5573192,24.8284040
1357,59.5573959,24.8284355
1358,59.5574727,24.8284660
1359,59.5575496,24.8284955
1360,59.5576266,24.8285239
1361,59.5577037,24.8285512
1362,59.5577808,24.8285774
1363,59.5578580,24.8286026
1364,59.5579353,24.8286267
1365,59.5580127,24.8286498
1366,59.5580900,24.8286725
1367,59.5581674,24.8286952
1368,59.5582447,24.8287179
1369,59.5583220,24.8287406
1370,59.5583993,24.8287633
1371,59.5584765,24.8287860
1372,59.5585538,24.8288087
1373,59.5586310,24.8288314
1374,59.5587082,24.8288541
1375,59.5587854,24.8288768
1376,59.5588626,24.8288995
1377,59.5589398,24.8289221
1378,59.5590169,24.8289448
1379,59.5590940,24.8289674
1380,59.5591711,24.8289901
1381,59.5592482,24.8290128
1382,59.5593253,24.8290354
1383,59.5594024,24.8290580
1384,59.5594794,24.8290807
1385,59.5595565,24.8291033
1386,59.5596335,24.8291259
1387,59.5597105,24.8291486
1388,59.5597875,24.8291712
1389,59.5598645,24.8291938
1390,59.5599414,24.8292164
1391,59.5600184,24.8292390
1392,59.5600953,24.8292616
1393,59.5601723,24.8292842
1394,59.5602492,24.8293068
1395,59.5603261,24.8293294
1396,59.5604030,24.8293520
1397,59.5604798,24.8293746
1398,59.5605567,24.8293972
1399,59.5606336,24.8294198
1400,59.5607104,24.8294423
1401,59.5607872,24.8294649
1402,59.5608641,24.8294875
1403,59.5609409,24.8295101
1404,59.5610177,24.8295326
1405,59.5610945,24.8295552
1406,59.5611713,24.8295778
1407,59.5612481,24.8296003
1408,59.5613249,24.8296229
1409,59.5614016,24.8296454
1410,59.5614784,24.8296680
1411,59.5615552,24.8296905
1412,59.5616319,24.8297131
1413,59.5617087,24.8297356
1414,59.5617854,24.8297582
1415,59.5618621,24.8297807
1416,59.5619389,24.8298033
1417,59.5620156,24.8298258
1418,59.5620923,24.8298484
1419,59.5621690,24.8298709
1420,59.5622458,24.8298935
1421,59.5623225,24.8299160
1422,59.5623992,24.8299385
1423,59.5624759,24.8299611
1424,59.5625526,24.8299836
1425,59.5626293,24.8300062
1426,59.5627060,24.8300287
1427,59.5627828,24.8300512
1428,59.5628595,24.8300738
1429,59.5629362,24.8300963
1430,59.5630129,24.8301189
1431,59.5630896,24.8301414
1432,59.5631663,24.8301639
1433,59.5632431,24.8301865
1434,59.5633198,24.8302090
1435,59.5633965,24.8302316
1436,59.5634732,24.8302541
1437,59.5635500,24.8302767
1438,59.5636267,24.8302992
1439,59.5637035,24.8303218
1440,59.5637802,24.8303443
1441,59.5638570,24.8303669
1442,59.5639337,24.8303894
1443,59.5640105,24.8304120
1444,59.5640873,24.8304346
1445,59.5641641,24.8304571
1446,59.5642409,24.8304797
1447,59.5643177,24.8305023
1448,59.5643945,24.8305248
1449,59.5644713,24.8305474
1450,59.5645481,24.8305700
1451,59.5646250,24.8305925
1452,59.5647018,24.8306151
1453,59.5647787,24.8306377
1454,59.5648555,24.8306603
1455,59.5649324,24.8306829
1456,59.5650093,24.8307055
1457,59.5650862,24.8307281
1458,59.5651631,24.8307507
1459,59.5652401,24.8307733
1460,59.5653170,24.8307959
1461,59.5653939,24.8308185
1462,59.5654709,24.8308411
1463,59.5655479,24.8308637
1464,59.5656249,24.8308864
1465,59.5657019,24.8309090
1466,59.5657789,24.8309316
1467,59.5658559,24.8309543
1468,59.5659330,24.8309769
1469,59.5660101,24.8309996
1470,59.5660871,24.8310222
1471,59.5661642,24.8310449
1472,59.5662413,24.8310675
1473,59.5663185,24.8310902
1474,59.5663956,24.8311129
1475,59.5664728,24.8311355
1476,59.5665500,24.8311582
1477,59.5666272,24.8311809
1478,59.5667044,24.8312036
1479,59.5667816,24.8312263
1480,59.5668588,24.8312490
1481,59.5669361,24.8312717
1482,59.5670134,24.8312944
1483,59.5670907,24.8313171
1484,59.5671680,24.8313398
1485,59.5672453,24.8313626
1486,59.5673227,24.8313853
1487,59.5674001,24.8314080
1488,59.5674775,24.8314308
1489,59.5675549,24.8314535
1490,59.5676323,24.8314763
1491,59.5677098,24.8314990
1492,59.5677872,24.8315218
1493,59.5678647,24.8315446
1494,59.5679422,24.8315674
1495,59.5680198,24.8315901
1496,59.5680973,24.8316129
1497,59.5681749,24.8316357
1498,59.5682525,24.8316585
1499,59.5683301,24.8316813
1500,59.5684077,24.8317041
1501,59.5684853,24.8317270
1502,59.5685630,24.8317498
1503,59.5686407,24.8317726
1504,59.5687184,24.8317955
1505,59.5687961,24.8318183
1506,59.5688738,24.8318411
1507,59.5689516,24.8318640
1508,59.5690294,24.8318868
1509,59.5691072,24.8319097
1510,59.5691850,24.8319326
1511,59.5692628,24.8319555
1512,59.5693407,24.8319783
1513,59.5694186,24.8320012
1514,59.5694965,24.8320241
1515,59.5695744,24.8320470
1516,59.5696523,24.8320699
1517,59.5697303,24.8320928
1518,59.5698082,24.8321157
1519,59.5698862,24.8321387
1520,59.5699642,24.8321616
1521,59.5700422,24.8321845
1522,59.5701203,24.8322075
1523,59.5701983,24.8322304
1524,59.5702764,24.8322533
1525,59.5703545,24.8322763
1526,59.5704326,24.8322992
1527,59.5705107,24.8323222
1528,59.5705889,24.8323452
1529,59.5706671,24.8323681
1530,59.5707452,24.8323911
1531,59.5708234,24.8324141
1532,59.5709016,24.8324371
1533,59.5709798,24.8324601
1534,59.5710581,24.8324831
1535,59.5711363,24.8325061
1536,59.5712146,24.8325291
1537,59.5712929,24.8325521
1538,59.5713712,24.8325751
1539,59.5714495,24.8325981
1540,59.5715278,24.8326211
1541,59.5716062,24.8326441
1542,59.5716845,24.8326672
1543,59.5717629,24.8326902
1544,59.5718412,24.8327132
1545,59.5719196,24.8327363
1546,59.5719980,24.8327593
1547,59.5720764,24.8327824
1548,59.5721549,24.8328054
1549,59.5722333,24.8328285
1550,59.5723117,24.8328515
1551,59.5723902,24.8328746
1552,59.5724686,24.8328976
1553,59.5725471,24.8329207
1554,59.5726256,24.8329438
1555,59.5727041,24.8329668
1556,59.5727826,24.8329899
1557,59.5728611,24.8330130
1558,59.5729396,24.8330361
1559,59.5730181,24.8330591
1560,59.5730966,24.8330822
1561,59.5731752,24.8331053
1562,59.5732537,24.8331284
1563,59.5733322,24.8331515
1564,59.5734108,24.8331746
1565,59.5734893,24.8331976
1566,59.5735679,24.8332207
1567,59.5736464,24.8332438
1568,59.5737250,24.8332669
1569,59.5738036,24.8332900
1570,59.5738821,24.8333131
1571,59.5739607,24.8333362
1572,59.5740393,24.8333593
1573,59.5741179,24.8333824
1574,59.5741964,24.8334055
1575,59.5742750,24.8334286
1576,59.5743536,24.8334517
1577,59.5744322,24.8334748
1578,59.5745107,24.8334979
1579,59.5745893,24.8335210
1580,59.5746679,24.8335440
1581,59.5747464,24.8335671
1582,59.5748250,24.8335902
1583,59.5749036,24.8336133
1584,59.5749821,24.8336364
1585,59.5750607,24.8336595
1586,59.5751393,24.8336826
1587,59.5752178,24.8337057
1588,59.5752964,24.8337288
1589,59.5753749,24.8337519
1590,59.5754534,24.8337750
1591,59.5755320,24.8337980
1592,59.5756105,24.8338211
1593,59.5756890,24.8338442
1594,59.5757675,24.8338673
1595,59.5758460,24.8338903
1596,59.5759245,24.8339134
1597,59.5760030,24.8339365
1598,59.5760815,24.8339596
1599,59.5761599,24.8339826
1600,59.5762384,24.8340057
1601,59.5763169,24.8340287
1602,59.5763953,24.8340518
1603,59.5764737,24.8340749
1604,59.5765521,24.8340979
1605,59.5766306,24.8341210
1606,59.5767090,24.8341440
1607,59.5767873,24.8341670
1608,59.5768657,24.8341901
1609,59.5769441,24.8342131
1610,59.5770224,24.8342362
1611,59.5771008,24.8342592
1612,59.5771791,24.8342822
1613,59.5772574,24.8343052
1614,59.5773357,24.8343282
1615,59.5774140,24.8343512
1616,59.5774922,24.8343743
1617,59.5775705,24.8343973
1618,59.5776487,24.8344203
1619,59.5777270,24.8344433
1620,59.5778052,24.8344662
1621,59.5778834,24.8344892
1622,59.5779615,24.8345122
1623,59.5780397,24.8345352
1624,59.5781178,24.8345582
1625,59.5781960,24.8345811
1626,59.5782741,24.8346041
1627,59.5783522,24.8346270
1628,59.5784302,24.8346500
1629,59.5785083,24.8346729
1630,59.5785863,24.8346959
1631,59.5786644,24.8347188
1632,59.5787424,24.8347417
1633,59.5788203,24.8347647
1634,59.5788983,24.8347876
1635,59.5789763,24.8348105
1636,59.5790542,24.8348334
1637,59.5791321,24.8348563
1638,59.5792100,24.8348792
1639,59.5792879,24.8349021
1640,59.5793657,24.8349250
1641,59.5794436,24.8349479
1642,59.5795214,24.8349708
1643,59.5795992,24.8349936
1644,59.5796770,24.8350165
1645,59.5797547,24.8350394
1646,59.5798325,24.8350622
1647,59.5799102,24.8350851
1648,59.5799879,24.8351079
1649,59.5800656,24.8351307
1650,59.5801432,24.8351536
1651,59.5802209,24.8351764
1652,59.5802985,24.8351992
1653,59.5803761,24.8352220
1654,59.5804537,24.8352448
1655,59.5805313,24.8352676
1656,59.5806088,24.8352904
1657,59.5806863,24.8353132
1658,59.5807639,24.8353360
1659,59.5808413,24.8353588
1660,59.5809188,24.8353816
1661,59.5809963,24.8354043
1662,59.5810737,24.8354271
1663,59.5811511,24.8354499
1664,59.5812285,24.8354726
1665,59.5813059,24.8354954
1666,59.5813832,24.8355181
1667,59.5814606,24.8355408
1668,59.5815379,24.8355636
1669,59.5816152,24.8355863
1670,59.5816925,24.8356090
1671,59.5817697,24.8356317
1672,59.5818470,24.8356544
1673,59.5819242,24.8356772
1674,59.5820014,24.8356999
1675,59.5820786,24.8357225
1676,59.5821558,24.8357452
1677,59.5822330,24.8357679
1678,59.5823101,24.8357906
1679,59.5823872,24.8358133
1680,59.5824643,24.8358359
1681,59.5825414,24.8358586
1682,59.5826185,24.8358813
1683,59.5826956,24.8359039
1684,59.5827726,24.8359266
1685,59.5828497,24.8359492
1686,59.5829267,24.8359719
1687,59.5830037,24.8359945
1688,59.5830807,24.8360172
1689,59.5831577,24.8360398
1690,59.5832346,24.8360624
1691,59.5833116,24.8360850
1692,59.5833885,24.8361077
1693,59.5834654,24.8361303
1694,59.5835424,24.8361529
1695,59.5836193,24.8361755
1696,59.5836961,24.8361981
1697,59.5837730,24.8362207
1698,59.5838499,24.8362433
1699,59.5839268,24.8362659
1700,59.5840036,24.8362885
1701,59.5840804,24.8363111
1702,59.5841573,24.8363337
1703,59.5842341,24.8363563
1704,59.5843109,24.8363789
1705,59.5843877,24.8364014
1706,59.5844645,24.8364240
1707,59.5845413,24.8364466
1708,59.5846180,24.8364692
1709,59.5846948,24.8364917
1710,59.5847716,24.8365143
1711,59.5848483,24.8365369
1712,59.5849251,24.8365594
1713,59.5850018,24.8365820
1714,59.5850786,24.8366046
1715,59.5851553,24.8366271
1716,59.5852320,24.8366497
1717,59.5853088,24.8366723
1718,59.5853855,24.8366948
1719,59.5854622,24.8367174
1720,59.5855389,24.8367399
1721,59.5856157,24.8367625
1722,59.5856924,24.8367850
1723,59.5857691,24.8368076
1724,59.5858458,24.8368302
1725,59.5859225,24.8368527
1726,59.5859992,24.8368753
1727,59.5860759,24.8368978
1728,59.5861527,24.8369204
1729,59.5862294,24.8369429
1730,59.5863061,24.8369655
1731,59.5863828,24.8369880
1732,59.5864595,24.8370106
1733,59.5865362,24.8370332
1734,59.5866130,24.8370557
1735,59.5866897,24.8370783
1736,59.5867664,24.8371008
1737,59.5868432,24.8371234
1738,59.5869199,24.8371460
1739,59.5869967,24.8371685
1740,59.5870734,24.8371911
1741,59.5871502,24.8372137
1742,59.5872269,24.8372363
1743,59.5873037,24.8372588
1744,59.5873805,24.8372814
1745,59.5874573,24.8373040
1746,59.5875341,24.8373266
1747,59.5876109,24.8373491
1748,59.5876877,24.8373717
1749,59.5877645,24.8373943
1750,59.5878413,24.8374169
1751,59.5879181,24.8374395
1752,59.5879950,24.8374621
1753,59.5880718,24.8374847
1754,59.5881487,24.8375073
1755,59.5882256,24.8375299
1756,59.5883025,24.8375525
1757,59.5883794,24.8375751
1758,59.5884563,24.8375977
1759,59.5885332,24.8376204
1760,59.5886102,24.8376430
1761,59.5886871,24.8376656
1762,59.5887641,24.8376883
1763,59.5888411,24.8377109
1764,59.5889180,24.8377335
1765,59.5889951,24.8377562
1766,59.5890721,24.8377788
1767,59.5891491,24.8378015
1768,59.5892262,24.8378241
1769,59.5893032,24.8378468
1770,59.5893803,24.8378695
1771,59.5894574,24.8378921
1772,59.5895345,24.8379148
1773,59.5896116,24.8379375
1774,59.5896888,24.8379602
1775,59.5897659,24.8379829
1776,59.5898431,24.8380056
1777,59.5899203,24.8380283
1778,59.5899975,24.8380510
1779,59.5900748,24.8380737
1780,59.5901520,24.8380964
1781,59.5902293,24.8381191
1782,59.5903066,24.8381418
1783,59.5903839,24.8381646
1784,59.5904612,24.8381873
1785,59.5905385,24.8382100
1786,59.5906159,24.8382328
1787,59.5906932,24.8382556
1788,59.5907706,24.8382783
1789,59.5908480,24.8383011
1790,59.5909255,24.8383238
1791,59.5910029,24.8383466
1792,59.5910804,24.8383694
1793,59.5911579,24.8383922
1794,59.5912354,24.8384150
1795,59.5913129,24.8384378
1796,59.5913905,24.8384606
1797,59.5914680,24.8384834
1798,59.5915456,24.8385062
1799,59.5916232,24.8385290
1800,59.5917008,24.8385519
1801,59.5917785,24.8385747
1802,59.5918562,24.8385975
1803,59.5919338,24.8386204
1804,59.5920115,24.8386432
1805,59.5920893,24.8386661
1806,59.5921670,24.8386890
1807,59.5922448,24.8387118
1808,59.5923225,24.8387347
1809,59.5924003,24.8387576
1810,59.5924782,24.8387805
1811,59.5925560,24.8388034
1812,59.5926339,24.8388262
1813,59.5927117,24.8388492
1814,59.5927896,24.8388721
1815,59.5928675,24.8388950
1816,59.5929455,24.8389179
1817,59.5930234,24.8389408
1818,59.5931014,24.8389637
1819,59.5931794,24.8389867
1820,59.5932574,24.8390096
1821,59.5933354,24.8390326
1822,59.5934134,24.8390555
1823,59.5934915,24.8390785
1824,59.5935696,24.8391014
1825,59.5936477,24.8391244
1826,59.5937258,24.8391474
1827,59.5938039,24.8391704
1828,59.5938820,24.8391933
1829,59.5939602,24.8392163
1830,59.5940384,24.8392393
1831,59.5941166,24.8392623
1832,59.5941948,24.8392853
1833,59.5942730,24.8393083
1834,59.5943512,24.8393313
1835,59.5944295,24.8393543
1836,59.5945078,24.8393774
1837,59.5945860,24.8394004
1838,59.5946643,24.8394234
1839,59.5947426,24.8394464
1840,59.5948210,24.8394695
1841,59.5948993,24.8394925
1842,59.5949777,24.8395156
1843,59.5950560,24.8395386
1844,59.5951344,24.8395617
1845,59.5952128,24.8395847
1846,59.5952912,24.8396078
1847,59.5953696,24.8396308
1848,59.5954480,24.8396539
1849,59.5955264,24.8396770
1850,59.5956049,24.8397000
1851,59.5956833,24.8397231
1852,59.5957618,24.8397462
1853,59.5958403,24.8397693
1854,59.5959187,24.8397923
1855,59.5959972,24.8398154
1856,59.5960757,24.8398385
1857,59.5961542,24.8398616
1858,59.5962327,24.8398847
1859,59.5963112,24.8399078
1860,59.5963898,24.8399309
1861,59.5964683,24.8399540
1862,59.5965468,24.8399771
1863,59.5966254,24.8400002
1864,59.5967039,24.8400233
1865,59.5967825,24.8400464
1866,59.5968610,24.8400695
1867,59.5969396,24.8400926
1868,59.5970181,24.8401157
1869,59.5970967,24.8401388
1870,59.5971753,24.8401619
1871,59.5972538,24.8401850
1872,59.5973324,24.8402081
1873,59.5974110,24.8402313
1874,59.5974896,24.8402544
1875,59.5975681,24.8402775
1876,59.5976467,24.8403006
1877,59.5977253,24.8403237
1878,59.5978039,24.8403468
1879,59.5978824,24.8403699
1880,59.5979610,24.8403930
1881,59.5980396,24.8404161
1882,59.5981182,24.8404393
1883,59.5981967,24.8404624
1884,59.5982753,24.8404855
1885,59.5983538,24.8405086
1886,59.5984324,24.8405317
1887,59.5985109,24.8405548
1888,59.5985895,24.8405779
1889,59.5986680,24.8406010
1890,59.5987466,24.8406241
1891,59.5988251,24.8406472
1892,59.5989036,24.8406703
1893,59.5989821,24.8406934
1894,59.5990606,24.8407165
1895,59.5991392,24.8407396
1896,59.5992176,24.8407627
1897,59.5992961,24.8407858
1898,59.5993746,24.8408088
1899,59.5994531,24.8408319
1900,59.5995315,24.8408550
1901,59.5996100,24.8408781
1902,59.5996884,24.8409011
1903,59.5997669,24.8409242
1904,59.5998453,24.8409473
1905,59.5999237,24.8409703
1906,59.6000021,24.8409934
1907,59.6000805,24.8410165
1908,59.6001588,24.8410395
1909,59.6002372,24.8410626
1910,59.6003156,24.8410856
1911,59.6003939,24.8411087
1912,59.6004722,24.8411317
1913,59.6005505,24.8411547
1914,59.6006288,24.8411778
1915,59.6007071,24.8412008
1916,59.6007854,24.8412238
1917,59.6008636,24.8412468
1918,59.6009419,24.8412699
1919,59.6010201,24.8412929
1920,59.6010983,24.8413159
1921,59.6011765,24.8413389
1922,59.6012547,24.8413619
1923,59.6013328,24.8413849
1924,59.6014110,24.8414078
1925,59.6014891,24.8414308
1926,59.6015672,24.8414538
1927,59.6016453,24.8414768
1928,59.6017234,24.8414997
1929,59.6018014,24.8415227
1930,59.6018795,24.8415457
1931,59.6019575,24.8415686
1932,59.6020355,24.8415916
1933,59.6021135,24.8416145
1934,59.6021914,24.8416374
1935,59.6022694,24.8416604
1936,59.6023473,24.8416833
1937,59.6024252,24.8417062
1938,59.6025031,24.8417291
1939,59.6025810,24.8417520
1940,59.6026589,24.8417749
1941,59.6027367,24.8417978
1942,59.6028145,24.8418207
1943,59.6028923,24.8418436
1944,59.6029701,24.8418665
1945,59.6030479,24.8418894
1946,59.6031256,24.8419122
1947,59.6032033,24.8419351
1948,59.6032810,24.8419580
1949,59.6033587,24.8419808
1950,59.6034364,24.8420037
1951,59.6035140,24.8420265
1952,59.6035916,24.8420493
1953,59.6036692,24.8420722
1954,59.6037468,24.8420950
1955,59.6038244,24.8421178
1956,59.6039019,24.8421406
1957,59.6039795,24.8421634
1958,59.6040570,24.8421862
1959,59.6041345,24.8422090
1960,59.6042119,24.8422318
1961,59.6042894,24.8422546
1962,59.6043668,24.8422774
1963,59.6044442,24.8423002
1964,59.6045216,24.8423229
1965,59.6045990,24.8423457
1966,59.6046763,24.8423685
1967,59.6047537,24.8423912
1968,59.6048310,24.8424140
1969,59.6049083,24.8424367
1970,59.6049856,24.8424594
1971,59.6050628,24.8424822
1972,59.6051401,24.8425049
1973,59.6052173,24.8425276
1974,59.6052945,24.8425503
1975,59.6053717,24.8425730
1976,59.6054489,24.8425957
1977,59.6055261,24.8426184
1978,59.6056032,24.8426411
1979,59.6056803,24.8426638
1980,59.6057575,24.8426865
1981,59.6058345,24.8427092
1982,59.6059116,24.8427319
1983,59.6059887,24.8427546
1984,59.6060657,24.8427772
1985,59.6061428,24.8427999
1986,59.6062198,24.8428225
1987,59.6062968,24.8428452
1988,59.6063738,24.8428679
1989,59.6064508,24.8428905
1990,59.6065277,24.8429131
1991,59.6066047,24.8429358
1992,59.6066816,24.8429584
1993,59.6067586,24.8429811
1994,59.6068355,24.8430037
1995,59.6069124,24.8430263
1996,59.6069893,24.8430489
1997,59.6070661,24.8430716
1998,59.6071430,24.8430942
1999,59.6072199,24.8431168
2000,59.6072967,24.8431394
2001,59.6073735,24.8431620
2002,59.6074504,24.8431846
2003,59.6075272,24.8432072
2004,59.6076040,24.8432298
2005,59.6076808,24.8432524
2006,59.6077576,24.8432750
2007,59.6078344,24.8432976
2008,59.6079112,24.8433202
2009,59.6079879,24.8433428
2010,59.6080647,24.8433653
2011,59.6081414,24.8433879
2012,59.6082182,24.8434105
2013,59.6082949,24.8434331
2014,59.6083717,24.8434557
2015,59.6084484,24.8434782
2016,59.6085252,24.8435008
2017,59.6086019,24.8435234
2018,59.6086786,24.8435460
2019,59.6087553,24.8435686
2020,59.6088320,24.8435911
2021,59.6089088,24.8436137
2022,59.6089855,24.8436363
2023,59.6090622,24.8436588
2024,59.6091389,24.8436814
2025,59.6092156,24.8437040
2026,59.6092923,24.8437266
2027,59.6093690,24.8437491
2028,59.6094458,24.8437717
2029,59.6095225,24.8437943
2030,59.6095992,24.8438168
2031,59.6096759,24.8438394
2032,59.6097526,24.8438620
2033,59.6098293,24.8438846
2034,59.6099061,24.8439071
2035,59.6099828,24.8439297
2036,59.6100595,24.8439523
2037,59.6101363,24.8439749
2038,59.6102130,24.8439975
2039,59.6102897,24.8440200
2040,59.6103665,24.8440426
2041,59.6104433,24.8440652
2042,59.6105200,24.8440878
2043,59.6105968,24.8441104
2044,59.6106736,24.8441330
2045,59.6107504,24.8441556
2046,59.6108271,24.8441782
2047,59.6109039,24.8442008
2048,59.6109808,24.8442234
2049,59.6110576,24.8442460
2050,59.6111344,24.8442686
2051,59.6112112,24.8442912
2052,59.6112881,24.8443138
2053,59.6113649,24.8443364
2054,59.6114418,24.8443590
2055,59.6115187,24.8443817
2056,59.6115956,24.8444043
2057,59.6116725,24.8444269
2058,59.6117494,24.8444495
2059,59.6118263,24.8444722
2060,59.6119033,24.8444948
2061,59.6119802,24.8445175
2062,59.6120572,24.8445401
2063,59.6121341,24.8445628
2064,59.6122111,24.8445854
2065,59.6122881,24.8446081
2066,59.6123652,24.8446307
2067,59.6124422,24.8446534
2068,59.6125192,24.8446761
2069,59.6125963,24.8446988
2070,59.6126734,24.8447214
2071,59.6127505,24.8447441
2072,59.6128276,24.8447668
2073,59.6129047,24.8447895
2074,59.6129819,24.8448122
2075,59.6130590,24.8448349
2076,59.6131362,24.8448576
2077,59.6132134,24.8448803
2078,59.6132906,24.8449031
2079,59.6133678,24.8449258
2080,59.6134451,24.8449485
2081,59.6135224,24.8449713
2082,59.6135996,24.8449940
2083,59.6136769,24.8450167
2084,59.6137543,24.8450395
2085,59.6138316,24.8450623
2086,59.6139090,24.8450850
2087,59.6139863,24.8451078
2088,59.6140637,24.8451306
2089,59.6141411,24.8451533
2090,59.6142186,24.8451761
2091,59.6142960,24.8451989
2092,59.6143735,24.8452217
2093,59.6144510,24.8452445
2094,59.6145285,24.8452673
2095,59.6146060,24.8452902
2096,59.6146835,24.8453130
2097,59.6147611,24.8453358
2098,59.6148387,24.8453586
2099,59.6149163,24.8453815
2100,59.6149939,24.8454043
2101,59.6150716,24.8454272
2102,59.6151492,24.8454500
2103,59.6152269,24.8454729
2104,59.6153046,24.8454957
2105,59.6153823,24.8455186
2106,59.6154601,24.8455415
2107,59.6155378,24.8455644
2108,59.6156156,24.8455873
2109,59.6156934,24.8456102
2110,59.6157712,24.8456331
2111,59.6158491,24.8456560
2112,59.6159269,24.8456789
2113,59.6160048,24.8457018
2114,59.6160827,24.8457247
2115,59.6161606,24.8457477
2116,59.6162385,24.8457706
2117,59.6163165,24.8457935
2118,59.6163945,24.8458165
2119,59.6164724,24.8458394
2120,59.6165505,24.8458624
2121,59.6166285,24.8458853
2122,59.6167065,24.8459083
2123,59.6167846,24.8459313
2124,59.6168626,24.8459543
2125,59.6169407,24.8459772
2126,59.6170188,24.8460002
2127,59.6170970,24.8460232
2128,59.6171751,24.8460462
2129,59.6172533,24.8460692
2130,59.6173315,24.8460922
2131,59.6174096,24.8461152
2132,59.6174878,24.8461383
2133,59.6175661,24.8461613
2134,59.6176443,24.8461843
2135,59.6177226,24.8462073
2136,59.6178008,24.8462304
2137,59.6178791,24.8462534
2138,59.6179574,24.8462765
2139,59.6180357,24.8462995
2140,59.6181140,24.8463226
2141,59.6181924,24.8463456
2142,59.6182707,24.8463687
2143,59.6183491,24.8463917
2144,59.6184275,24.8464148
2145,59.6185058,24.8464379
2146,59.6185842,24.8464609
2147,59.6186626,24.8464840
2148,59.6187411,24.8465071
2149,59.6188195,24.8465302
2150,59.6188979,24.8465533
2151,59.6189764,24.8465764
2152,59.6190548,24.8465995
2153,59.6191333,24.8466226
2154,59.6192118,24.8466457
2155,59.6192903,24.8466688
2156,59.6193688,24.8466919
2157,59.6194473,24.8467150
2158,59.6195258,24.8467381
2159,59.6196043,24.8467612
2160,59.6196828,24.8467843
2161,59.6197614,24.8468074
2162,59.6198399,24.8468305
2163,59.6199184,24.8468536
2164,59.6199970,24.8468768
2165,59.6200755,24.8468999
2166,59.6201541,24.8469230
2167,59.6202326,24.8469461
2168,59.6203112,24.8469692
2169,59.6203898,24.8469924
2170,59.6204683,24.8470155
2171,59.6205469,24.8470386
2172,59.6206255,24.8470617
2173,59.6207041,24.8470849
2174,59.6207826,24.8471080
2175,59.6208612,24.8471311
2176,59.6209398,24.8471542
2177,59.6210184,24.8471774
2178,59.6210969,24.8472005
2179,59.6211755,24.8472236
2180,59.6212541,24.8472468
2181,59.6213326,24.8472699
2182,59.6214112,24.8472930
2183,59.6214898,24.8473161
2184,59.6215683,24.8473393
2185,59.6216469,24.8473624
2186,59.6217254,24.8473855
2187,59.6218040,24.8474086
2188,59.6218825,24.8474317
2189,59.6219611,24.8474549
2190,59.6220396,24.8474780
2191,59.6221182,24.8475011
2192,59.6221967,24.8475242
2193,59.6222752,24.8475473
2194,59.6223537,24.8475704
2195,59.6224322,24.8475935
2196,59.6225107,24.8476166
2197,59.6225892,24.8476397
2198,59.6226677,24.8476628
2199,59.6227461,24.8476859
2200,59.6228246,24.8477090
2201,59.6229030,24.8477321
2202,59.6229815,24.8477552
2203,59.6230599,24.8477783
2204,59.6231383,24.8478014
2205,59.6232167,24.8478245
2206,59.6232951,24.8478475
2207,59.6233735,24.8478706
2208,59.6234519,24.8478937
2209,59.6235303,24.8479168
2210,59.6236086,24.8479398
2211,59.6236869,24.8479629
2212,59.6237653,24.8479859
2213,59.6238436,24.8480090
2214,59.6239219,24.8480320
2215,59.6240001,24.8480551
2216,59.6240784,24.8480781
2217,59.6241567,24.8481011
2218,59.6242349,24.8481242
2219,59.6243131,24.8481472
2220,59.6243913,24.8481702
2221,59.6244695,24.8481932
2222,59.6245477,24.8482163
2223,59.6246259,24.8482393
2224,59.6247040,24.8482623
2225,59.6247821,24.8482853
2226,59.6248602,24.8483083
2227,59.6249383,24.8483312
2228,59.6250164,24.8483542
2229,59.6250945,24.8483772
2230,59.6251725,24.8484002
2231,59.6252505,24.8484231
2232,59.6253285,24.8484461
2233,59.6254065,24.8484691
2234,59.6254845,24.8484920
2235,59.6255624,24.8485150
2236,59.6256404,24.8485379
2237,59.6257183,24.8485608
2238,59.6257962,24.8485838
2239,59.6258740,24.8486067
2240,59.6259519,24.8486296
2241,59.6260297,24.8486525
2242,59.6261076,24.8486754
2243,59.6261854,24.8486983
2244,59.6262631,24.8487212
2245,59.6263409,24.8487441
2246,59.6264186,24.8487670
2247,59.6264964,24.8487899
2248,59.6265741,24.8488128
2249,59.6266517,24.8488356
2250,59.6267294,24.8488585
2251,59.6268070,24.8488814
2252,59.6268847,24.8489042
2253,59.6269623,24.8489271
2254,59.6270399,24.8489499
2255,59.6271174,24.8489727
2256,59.6271950,24.8489956
2257,59.6272725,24.8490184
2258,59.6273500,24.8490412
2259,59.6274275,24.8490640
2260,59.6275050,24.8490868
2261,59.6275824,24.8491096
2262,59.6276598,24.8491324
2263,59.6277373,24.8491552
2264,59.6278146,24.8491780
2265,59.6278920,24.8492008
2266,59.6279694,24.8492235
2267,59.6280467,24.8492463
2268,59.6281240,24.8492691
2269,59.6282013,24.8492918
2270,59.6282786,24.8493146
2271,59.6283559,24.8493373
2272,59.6284331,24.8493601
2273,59.6285104,24.8493828
2274,59.6285876,24.8494055
2275,59.6286648,24.8494283
2276,59.6287419,24.8494510
2277,59.6288191,24.8494737
2278,59.6288962,24.8494964
2279,59.6289734,24.8495191
2280,59.6290505,24.8495418
2281,59.6291276,24.8495645
2282,59.6292047,24.8495872
2283,59.6292817,24.8496099
2284,59.6293588,24.8496326
2285,59.6294358,24.8496553
2286,59.6295128,24.8496779
2287,59.6295898,24.8497006
2288,59.6296668,24.8497233
2289,59.6297438,24.8497459
2290,59.6298208,24.8497686
2291,59.6298977,24.8497913
2292,59.6299747,24.8498139
2293,59.6300516,24.8498366
2294,59.6301285,24.8498592
2295,59.6302054,24.8498819
2296,59.6302823,24.8499045
2297,59.6303592,24.8499271
2298,59.6304360,24.8499498
2299,59.6305129,24.8499724
2300,59.6305897,24.8499950
2301,59.6306666,24.8500176
2302,59.6307434,24.8500403
2303,59.6308202,24.8500629
2304,59.6308970,24.8500855
2305,59.6309738,24.8501081
2306,59.6310506,24.8501307
2307,59.6311274,24.8501533
2308,59.6312042,24.8501759
2309,59.6312809,24.8501985
2310,59.6313577,24.8502211
2311,59.6314345,24.8502437
2312,59.6315112,24.8502663
2313,59.6315880,24.8502889
2314,59.6316647,24.8503115
2315,59.6317414,24.8503341
2316,59.6318182,24.8503567
2317,59.6318949,24.8503793
2318,59.6319716,24.8504019
2319,59.6320483,24.8504245
2320,59.6321251,24.8504471
2321,59.6322018,24.8504696
2322,59.6322785,24.8504922
2323,59.6323552,24.8505148
2324,59.6324319,24.8505374
2325,59.6325086,24.8505600
2326,59.6325853,24.8505826
2327,59.6326621,24.8506052
2328,59.6327388,24.8506278
2329,59.6328155,24.8506503
2330,59.6328922,24.8506729
2331,59.6329689,24.8506955
2332,59.6330456,24.8507181
2333,59.6331224,24.8507407
2334,59.6331991,24.8507633
2335,59.6332758,24.8507859
2336,59.6333525,24.8508085
2337,59.6334293,24.8508311
2338,59.6335060,24.8508537
2339,59.6335828,24.8508763
2340,59.6336595,24.8508989
2341,59.6337363,24.8509215
2342,59.6338130,24.8509441
2343,59.6338898,24.8509667
2344,59.6339666,24.8509893
2345,59.6340434,24.8510119
2346,59.6341202,24.8510345
2347,59.6341970,24.8510571
2348,59.6342738,24.8510797
2349,59.6343506,24.8511024
2350,59.6344274,24.8511250
2351,59.6345042,24.8511476
2352,59.6345811,24.8511702
2353,59.6346579,24.8511929
2354,59.6347348,24.8512155
2355,59.6348117,24.8512381
2356,59.6348886,24.8512608
2357,59.6349655,24.8512834
2358,59.6350424,24.8513061
2359,59.6351193,24.8513287
2360,59.6351963,24.8513514
2361,59.6352732,24.8513740
2362,59.6353502,24.8513967
2363,59.6354272,24.8514194
2364,59.6355041,24.8514420
2365,59.6355811,24.8514647
2366,59.6356582,24.8514874
2367,59.6357352,24.8515101
2368,59.6358123,24.8515328
2369,59.6358893,24.8515555
2370,59.6359664,24.8515781
2371,59.6360435,24.8516009
2372,59.6361206,24.8516236
2373,59.6361977,24.8516463
2374,59.6362749,24.8516690
2375,59.6363520,24.8516917
2376,59.6364292,24.8517144
2377,59.6365064,24.8517372
2378,59.6365836,24.8517599
2379,59.6366608,24.8517826
2380,59.6367381,24.8518054
2381,59.6368154,24.8518281
2382,59.6368926,24.8518509
2383,59.6369699,24.8518737
2384,59.6370473,24.8518964
2385,59.6371246,24.8519192
2386,59.6372019,24.8519420
2387,59.6372793,24.8519648
2388,59.6373567,24.8519876
2389,59.6374341,24.8520104
2390,59.6375116,24.8520332
2391,59.6375890,24.8520560
2392,59.6376665,24.8520788
2393,59.6377440,24.8521016
2394,59.6378215,24.8521244
2395,59.6378990,24.8521473
2396,59.6379765,24.8521701
2397,59.6380541,24.8521929
2398,59.6381317,24.8522158
2399,59.6382093,24.8522386
2400,59.6382869,24.8522615
2401,59.6383646,24.8522844
2402,59.6384422,24.8523072
2403,59.6385199,24.8523301
2404,59.6385976,24.8523530
2405,59.6386753,24.8523759
2406,59.6387531,24.8523988
2407,59.6388308,24.8524217
2408,59.6389086,24.8524446
2409,59.6389864,24.8524675
2410,59.6390642,24.8524904
2411,59.6391421,24.8525133
2412,59.6392199,24.8525363
2413,59.6392978,24.8525592
2414,59.6393757,24.8525821
2415,59.6394536,24.8526051
2416,59.6395315,24.8526280
2417,59.6396095,24.8526510
2418,59.6396875,24.8526740
2419,59.6397654,24.8526969
2420,59.6398434,24.8527199
2421,59.6399215,24.8527429
2422,59.6399995,24.8527659
2423,59.6400776,24.8527888
2424,59.6401556,24.8528118
2425,59.6402337,24.8528348
2426,59.6403118,24.8528578
2427,59.6403900,24.8528808
2428,59.6404681,24.8529039
2429,59.6405463,24.8529269
2430,59.6406244,24.8529499
2431,59.6407026,24.8529729
2432,59.6407808,24.8529960
2433,59.6408591,24.8530190
2434,59.6409373,24.8530420
2435,59.6410155,24.8530651
2436,59.6410938,24.8530881
2437,59.6411721,24.8531112
2438,59.6412504,24.8531343
2439,59.6413287,24.8531573
2440,59.6414070,24.8531804
2441,59.6414854,24.8532035
2442,59.6415637,24.8532265
2443,59.6416421,24.8532496
2444,59.6417204,24.8532727
2445,59.6417988,24.8532958
2446,59.6418772,24.8533189
2447,59.6419556,24.8533420
2448,59.6420340,24.8533651
2449,59.6421125,24.8533882
2450,59.6421909,24.8534113
2451,59.6422694,24.8534344
2452,59.6423478,24.8534575
2453,59.6424263,24.8534806
2454,59.6425048,24.8535037
2455,59.6425833,24.8535268
2456,59.6426618,24.8535499
2457,59.6427403,24.8535731
2458,59.6428188,24.8535962
2459,59.6428973,24.8536193
2460,59.6429758,24.8536424
2461,59.6430543,24.8536656
2462,59.6431329,24.8536887
2463,59.6432114,24.8537118
2464,59.6432900,24.8537350
2465,59.6433685,24.8537581
2466,59.6434471,24.8537812
2467,59.6435256,24.8538044
2468,59.6436042,24.8538275
2469,59.6436827,24.8538506
2470,59.6437613,24.8538738
2471,59.6438399,24.8538969
2472,59.6439185,24.8539201
2473,59.6439970,24.8539432
2474,59.6440756,24.8539664
2475,59.6441542,24.8539895
2476,59.6442328,24.8540126
2477,59.6443113,24.8540358
2478,59.6443899,24.8540589
2479,59.6444685,24.8540821
2480,59.6445470,24.8541052
2481,59.6446256,24.8541284
2482,59.6447042,24.8541515
2483,59.6447827,24.8541746
2484,59.6448613,24.8541978
2485,59.6449399,24.8542209
2486,59.6450184,24.8542441
2487,59.6450970,24.8542672
2488,59.6451755,24.8542903
2489,59.6452541,24.8543135
2490,59.6453326,24.8543366
2491,59.6454111,24.8543597
2492,59.6454896,24.8543829
2493,59.6455682,24.8544060
2494,59.6456467,24.8544291
2495,59.6457252,24.8544522
2496,59.6458037,24.8544754
2497,59.6458822,24.8544985
2498,59.6459606,24.8545216
2499,59.6460391,24.8545447
2500,59.6461176,24.8545678
2501,59.6461960,24.8545909
2502,59.6462744,24.8546140
2503,59.6463529,24.8546371
2504,59.6464313,24.8546602
2505,59.6465097,24.8546833
2506,59.6465881,24.8547064
2507,59.6466665,24.8547295
2508,59.6467449,24.8547526
2509,59.6468232,24.8547757
2510,59.6469016,24.8547988
2511,59.6469799,24.8548218
2512,59.6470582,24.8548449
2513,59.6471365,24.8548680
2514,59.6472148,24.8548910
2515,59.6472931,24.8549141
2516,59.6473714,24.8549372
2517,59.6474496,24.8549602
2518,59.6475279,24.8549832
2519,59.6476061,24.8550063
2520,59.6476843,24.8550293
2521,59.6477625,24.8550524
2522,59.6478407,24.8550754
2523,59.6479188,24.8550984
2524,59.6479970,24.8551214
2525,59.6480751,24.8551444
2526,59.6481532,24.8551675
2527,59.6482313,24.8551905
2528,59.6483094,24.8552135
2529,59.6483874,24.8552365
2530,59.6484655,24.8552594
2531,59.6485435,24.8552824
2532,59.6486215,24.8553054
2533,59.6486995,24.8553284
2534,59.6487774,24.8553513
2535,59.6488554,24.8553743
2536,59.6489333,24.8553973
2537,59.6490112,24.8554202
2538,59.6490891,24.8554432
2539,59.6491670,24.8554661
2540,59.6492449,24.8554890
2541,59.6493227,24.8555120
2542,59.6494005,24.8555349
2543,59.6494783,24.8555578
2544,59.6495561,24.8555807
2545,59.6496338,24.8556036
2546,59.6497116,24.8556265
2547,59.6497893,24.8556494
2548,59.6498670,24.8556723
2549,59.6499447,24.8556952
2550,59.6500224,24.8557181
2551,59.6501000,24.8557410
2552,59.6501776,24.8557638
2553,59.6502552,24.8557867
2554,59.6503328,24.8558095
2555,59.6504104,24.8558324
2556,59.6504879,24.8558552
2557,59.6505654,24.8558781
2558,59.6506430,24.8559009
2559,59.6507204,24.8559237
2560,59.6507979,24.8559466
2561,59.6508754,24.8559694
2562,59.6509528,24.8559922
2563,59.6510302,24.8560150
2564,59.6511076,24.8560378
2565,59.6511850,24.8560606
2566,59.6512623,24.8560834
2567,59.6513397,24.8561062
2568,59.6514170,24.8561289
2569,59.6514943,24.8561517
2570,59.6515716,24.8561745
2571,59.6516488,24.8561972
2572,59.6517261,24.8562200
2573,59.6518033,24.8562428
2574,59.6518805,24.8562655
2575,59.6519577,24.8562882
2576,59.6520349,24.8563110
2577,59.6521120,24.8563337
2578,59.6521892,24.8563564
2579,59.6522663,24.8563792
2580,59.6523434,24.8564019
2581,59.6524205,24.8564246
2582,59.6524976,24.8564473
2583,59.6525747,24.8564700
2584,59.6526517,24.8564927
2585,59.6527287,24.8565154
2586,59.6528058,24.8565381
2587,59.6528828,24.8565608
2588,59.6529598,24.8565835
2589,59.6530367,24.8566061
2590,59.6531137,24.8566288
2591,59.6531907,24.8566515
2592,59.6532676,24.8566742
2593,59.6533445,24.8566968
2594,59.6534214,24.8567195
2595,59.6534983,24.8567421
2596,59.6535752,24.8567648
2597,59.6536521,24.8567874
2598,59.6537290,24.8568101
2599,59.6538058,24.8568327
2600,59.6538827,24.8568554
2601,59.6539595,24.8568780
2602,59.6540363,24.8569006
2603,59.6541131,24.8569233
2604,59.6541900,24.8569459
2605,59.6542668,24.8569685
2606,59.6543435,24.8569912
2607,59.6544203,24.8570138
2608,59.6544971,24.8570364
2609,59.6545739,24.8570590
2610,59.6546506,24.8570816
2611,59.6547274,24.8571043
2612,59.6548042,24.8571269
2613,59.6548809,24.8571495
2614,59.6549576,24.8571721
2615,59.6550344,24.8571947
2616,59.6551111,24.8572173
2617,59.6551878,24.8572399
2618,59.6552646,24.8572625
2619,59.6553413,24.8572851
2620,59.6554180,24.8573077
2621,59.6554947,24.8573303
2622,59.6555714,24.8573529
2623,59.6556481,24.8573755
2624,59.6557249,24.8573981
2625,59.6558016,24.8574207
2626,59.6558783,24.8574434
2627,59.6559550,24.8574660
2628,59.6560317,24.8574886
2629,59.6561084,24.8575112
2630,59.6561851,24.8575338
2631,59.6562618,24.8575564
2632,59.6563386,24.8575790
2633,59.6564153,24.8576016
2634,59.6564920,24.8576242
2635,59.6565687,24.8576468
2636,59.6566455,24.8576694
2637,59.6567222,24.8576920
2638,59.6567989,24.8577146
2639,59.6568757,24.8577372
2640,59.6569524,24.8577599
2641,59.6570292,24.8577825
2642,59.6571060,24.8578051
2643,59.6571827,24.8578277
2644,59.6572595,24.8578503
2645,59.6573363,24.8578730
2646,59.6574131,24.8578956
2647,59.6574899,24.8579182
2648,59.6575667,24.8579408
2649,59.6576435,24.8579635
2650,59.6577203,24.8579861
2651,59.6577972,24.8580088
2652,59.6578740,24.8580314
2653,59.6579509,24.8580541
2654,59.6580277,24.8580767
2655,59.6581046,24.8580994
2656,59.6581815,24.8581220
2657,59.6582584,24.8581447
2658,59.6583353,24.8581673
2659,59.6584122,24.8581900
2660,59.6584892,24.8582127
2661,59.6585661,24.8582353
2662,59.6586431,24.8582580
2663,59.6587201,24.8582807
2664,59.6587971,24.8583034
2665,59.6588741,24.8583261
2666,59.6589511,24.8583488
2667,59.6590281,24.8583715
2668,59.6591052,24.8583942
2669,59.6591822,24.8584169
2670,59.6592593,24.8584396
2671,59.6593364,24.8584623
2672,59.6594135,24.8584851
2673,59.6594906,24.8585078
2674,59.6595678,24.8585305
2675,59.6596450,24.8585532
2676,59.6597221,24.8585760
2677,59.6597993,24.8585987
2678,59.6598765,24.8586215
2679,59.6599538,24.8586442
2680,59.6600310,24.8586670
2681,59.6601083,24.8586898
2682,59.6601856,24.8587126
2683,59.6602629,24.8587353
2684,59.6603402,24.8587581
2685,59.6604175,24.8587809
2686,59.6604949,24.8588037
2687,59.6605722,24.8588265
2688,59.6606496,24.8588493
2689,59.6607270,24.8588721
2690,59.6608045,24.8588949
2691,59.6608819,24.8589178
2692,59.6609594,24.8589406
2693,59.6610369,24.8589634
2694,59.6611144,24.8589863
2695,59.6611919,24.8590091
2696,59.6612695,24.8590320
2697,59.6613470,24.8590548
2698,59.6614246,24.8590777
2699,59.6615022,24.8591006
2700,59.6615798,24.8591234
2701,59.6616575,24.8591463
2702,59.6617351,24.8591692
2703,59.6618128,24.8591921
2704,59.6618905,24.8592150
2705,59.6619682,24.8592379
2706,59.6620460,24.8592608
2707,59.6621237,24.8592837
2708,59.6622015,24.8593066
2709,59.6622793,24.8593296
2710,59.6623571,24.8593525
2711,59.6624350,24.8593754
2712,59.6625128,24.8593984
2713,59.6625907,24.8594213
2714,59.6626686,24.8594443
2715,59.6627465,24.8594673
2716,59.6628244,24.8594902
2717,59.6629024,24.8595132
2718,59.6629804,24.8595362
2719,59.6630583,24.8595592
2720,59.6631363,24.8595821
2721,59.6632144,24.8596051
2722,59.6632924,24.8596281
2723,59.6633705,24.8596511
2724,59.6634485,24.8596741
2725,59.6635266,24.8596972
2726,59.6636047,24.8597202
2727,59.6636829,24.8597432
2728,59.6637610,24.8597662
2729,59.6638392,24.8597893
2730,59.6639173,24.8598123
2731,59.6639955,24.8598354
2732,59.6640737,24.8598584
2733,59.6641520,24.8598815
2734,59.6642302,24.8599045
2735,59.6643084,24.8599276
2736,59.6643867,24.8599506
2737,59.6644650,24.8599737
2738,59.6645433,24.8599968
2739,59.6646216,24.8600199
2740,59.6646999,24.8600430
2741,59.6647783,24.8600660
2742,59.6648566,24.8600891
2743,59.6649350,24.8601122
2744,59.6650133,24.8601353
2745,59.6650917,24.8601584
2746,59.6651701,24.8601815
2747,59.6652485,24.8602046
2748,59.6653269,24.8602278
2749,59.6654054,24.8602509
2750,59.6654838,24.8602740
2751,59.6655623,24.8602971
2752,59.6656407,24.8603202
2753,59.6657192,24.8603434
2754,59.6657977,24.8603665
2755,59.6658762,24.8603896
2756,59.6659547,24.8604128
2757,59.6660332,24.8604359
2758,59.6661117,24.8604590
2759,59.6661902,24.8604822
2760,59.6662687,24.8605053
2761,59.6663472,24.8605285
2762,59.6664258,24.8605516
2763,59.6665043,24.8605748
2764,59.6665829,24.8605979
2765,59.6666614,24.8606211
2766,59.6667400,24.8606442
2767,59.6668185,24.8606674
2768,59.6668971,24.8606905
2769,59.6669756,24.8607137
2770,59.6670542,24.8607368
2771,59.6671328,24.8607600
2772,59.6672113,24.8607832
2773,59.6672899,24.8608063
2774,59.6673685,24.8608295
2775,59.6674471,24.8608526
2776,59.6675256,24.8608758
2777,59.6676042,24.8608990
2778,59.6676828,24.8609221
2779,59.6677614,24.8609453
2780,59.6678399,24.8609684
2781,59.6679185,24.8609916
2782,59.6679971,24.8610147
2783,59.6680756,24.8610379
2784,59.6681542,24.8610611
2785,59.6682328,24.8610842
2786,59.6683113,24.8611074
2787,59.6683899,24.8611305
2788,59.6684684,24.8611537
2789,59.6685469,24.8611768
2790,59.6686255,24.8612000
2791,59.6687040,24.8612231
2792,59.6687825,24.8612463
2793,59.6688610,24.8612694
2794,59.6689396,24.8612926
2795,59.6690181,24.8613157
2796,59.6690966,24.8613388
2797,59.6691750,24.8613620
2798,59.6692535,24.8613851
2799,59.6693320,24.8614082
2800,59.6694104,24.8614314
2801,59.6694889,24.8614545
2802,59.6695673,24.8614776
2803,59.6696458,24.8615007
2804,59.6697242,24.8615238
2805,59.6698026,24.8615469
2806,59.6698810,24.8615701
2807,59.6699594,24.8615932
2808,59.6700377,24.8616163
2809,59.6701161,24.8616394
2810,59.6701945,24.8616625
2811,59.6702728,24.8616855
2812,59.6703511,24.8617086
2813,59.6704294,24.8617317
2814,59.6705077,24.8617548
2815,59.6705860,24.8617779
2816,59.6706643,24.8618009
2817,59.6707425,24.8618240
2818,59.6708207,24.8618471
2819,59.6708990,24.8618701
2820,59.6709772,24.8618932
2821,59.6710554,24.8619162
2822,59.6711335,24.8619393
2823,59.6712117,24.8619623
2824,59.6712898,24.8619853
2825,59.6713680,24.8620084
2826,59.6714461,24.8620314
2827,59.6715242,24.8620544
2828,59.6716022,24.8620774
2829,59.6716803,24.8621004
2830,59.6717583,24.8621235
2831,59.6718364,24.8621465
2832,59.6719144,24.8621694
2833,59.6719923,24.8621924
2834,59.6720703,24.8622154
2835,59.6721483,24.8622384
2836,59.6722262,24.8622614
2837,59.6723041,24.8622843
2838,59.6723820,24.8623073
2839,59.6724599,24.8623303
2840,59.6725377,24.8623532
2841,59.6726156,24.8623762
2842,59.6726934,24.8623991
2843,59.6727712,24.8624220
2844,59.6728490,24.8624450
2845,59.6729267,24.8624679
2846,59.6730045,24.8624908
2847,59.6730822,24.8625137
2848,59.6731599,24.8625366
2849,59.6732376,24.8625595
2850,59.6733152,24.8625824
2851,59.6733929,24.8626053
2852,59.6734705,24.8626282
2853,59.6735481,24.8626511
2854,59.6736257,24.8626739
2855,59.6737032,24.8626968
2856,59.6737808,24.8627197
2857,59.6738583,24.8627425
2858,59.6739358,24.8627654
2859,59.6740133,24.8627882
2860,59.6740908,24.8628110
2861,59.6741682,24.8628339
2862,59.6742457,24.8628567
2863,59.6743231,24.8628795
2864,59.6744005,24.8629023
2865,59.6744778,24.8629252
2866,59.6745552,24.8629480
2867,59.6746325,24.8629708
2868,59.6747098,24.8629936
2869,59.6747871,24.8630163
2870,59.6748644,24.8630391
2871,59.6749417,24.8630619
2872,59.6750189,24.8630847
2873,59.6750962,24.8631074
2874,59.6751734,24.8631302
2875,59.6752506,24.8631530
2876,59.6753277,24.8631757
2877,59.6754049,24.8631985
2878,59.6754820,24.8632212
2879,59.6755592,24.8632439
2880,59.6756363,24.8632667
2881,59.6757134,24.8632894
2882,59.6757905,24.8633121
2883,59.6758675,24.8633349
2884,59.6759446,24.8633576
2885,59.6760216,24.8633803
2886,59.6760986,24.8634030
2887,59.6761756,24.8634257
2888,59.6762526,24.8634484
2889,59.6763296,24.8634711
2890,59.6764066,24.8634938
2891,59.6764835,24.8635165
2892,59.6765605,24.8635391
2893,59.6766374,24.8635618
2894,59.6767143,24.8635845
2895,59.6767912,24.8636072
2896,59.6768681,24.8636298
2897,59.6769450,24.8636525
2898,59.6770218,24.8636752
2899,59.6770987,24.8636978
2900,59.6771755,24.8637205
2901,59.6772524,24.8637431
2902,59.6773292,24.8637658
2903,59.6774060,24.8637884
2904,59.6774828,24.8638111
2905,59.6775596,24.8638337
2906,59.6776364,24.8638564
2907,59.6777132,24.8638790
2908,59.6777900,24.8639016
2909,59.6778667,24.8639243
2910,59.6779435,24.8639469
2911,59.6780203,24.8639695
2912,59.6780970,24.8639922
2913,59.6781737,24.8640148
2914,59.6782505,24.8640374
2915,59.6783272,24.8640601
2916,59.6784040,24.8640827
2917,59.6784807,24.8641053
2918,59.6785574,24.8641279
2919,59.6786341,24.8641505
2920,59.6787108,24.8641732
2921,59.6787876,24.8641958
2922,59.6788643,24.8642184
2923,59.6789410,24.8642410
2924,59.6790177,24.8642636
2925,59.6790944,24.8642863
2926,59.6791711,24.8643089
2927,59.6792478,24.8643315
2928,59.6793245,24.8643541
2929,59.6794013,24.8643767
2930,59.6794780,24.8643994
2931,59.6795547,24.8644220
2932,59.6796314,24.8644446
2933,59.6797081,24.8644672
2934,59.6797849,24.8644898
2935,59.6798616,24.8645125
2936,59.6799383,24.8645351
2937,59.6800150,24.8645577
2938,59.6800918,24.8645803
2939,59.6801685,24.8646030
2940,59.6802453,24.8646256
2941,59.6803220,24.8646482
2942,59.6803988,24.8646709
2943,59.6804756,24.8646935
2944,59.6805523,24.8647161
2945,59.6806291,24.8647388
2946,59.6807059,24.8647614
2947,59.6807827,24.8647841
2948,59.6808595,24.8648067
2949,59.6809364,24.8648294
2950,59.6810132,24.8648520
2951,59.6810900,24.8648747
2952,59.6811669,24.8648973
2953,59.6812437,24.8649200
2954,59.6813206,24.8649427
2955,59.6813975,24.8649653
2956,59.6814743,24.8649880
2957,59.6815512,24.8650107
2958,59.6816282,24.8650334
2959,59.6817051,24.8650560
2960,59.6817820,24.8650787
2961,59.6818590,24.8651014
2962,59.6819359,24.8651241
2963,59.6820129,24.8651468
2964,59.6820899,24.8651695
2965,59.6821669,24.8651922
2966,59.6822439,24.8652149
2967,59.6823210,24.8652377
2968,59.6823980,24.8652604
2969,59.6824751,24.8652831
2970,59.6825522,24.8653058
2971,59.6826292,24.8653286
2972,59.6827064,24.8653513
2973,59.6827835,24.8653740
2974,59.6828606,24.8653968
2975,59.6829378,24.8654195
2976,59.6830150,24.8654423
2977,59.6830922,24.8654651
2978,59.6831694,24.8654878
2979,59.6832466,24.8655106
2980,59.6833238,24.8655334
2981,59.6834011,24.8655562
2982,59.6834784,24.8655790
2983,59.6835557,24.8656018
2984,59.6836330,24.8656246
2985,59.6837103,24.8656474
2986,59.6837877,24.8656702
2987,59.6838651,24.8656930
2988,59.6839425,24.8657158
2989,59.6840199,24.8657386
2990,59.6840973,24.8657615
2991,59.6841748,24.8657843
2992,59.6842522,24.8658072
2993,59.6843297,24.8658300
2994,59.6844072,24.8658529
2995,59.6844847,24.8658757
2996,59.6845623,24.8658986
2997,59.6846399,24.8659215
2998,59.6847174,24.8659443
2999,59.6847950,24.8659672
3000,59.6848727,24.8659901
